,Record_ID,Data_Type,Formulation_ID,Formulation_Name,Chemical_Name,CASRN,DTXSID,Percent_Active_Ingredient,Concentration,Concentration_Units,Mixture,Species,Reported_Strain,Strain,Sex,Assay,Endpoint,Response,Response_Unit,Reference,SMILES,Preferred_Name,Synonyms,URL_CompTox,URL_CEBS,label
82,skin_irritation_invivo_84,In Vivo,,,Propylene glycol,57-55-6,DTXSID0021206,,,,Chemical,Human,,,,Four-hour Human Patch Test,Qualitative classification,Not classified,Unitless,Basketter et al. 2004; 15291823; 10.1111/j.0105-1873.2004.00385.x,CC(O)CO,"1,2-Propylene glycol","57-55-6|1,2-Propylene glycol|(.+-.)-1,2-Propanediol|(.+-.)-Propylene glycol|(+-)-1,2-Propanediol|(+-)-Propylene glycol|(+/-) 1,2-Propanediol|(RS)-1,2-Propanediol|1,2-(RS)-Propanediol|1,2-DIHYDROXYPROPANE|1,2-PROPANDIOL|1,2-Propanediol|1,2-PROPYLENEGLYCOL|1,2-Propylenglykol|2-Hydroxypropanol|2,3-Propanediol|3-01-00-02142|a-Propylene glycol|Adeka PG|Adeka Propylene Glycol PG-P|Aliphatic alcohol|All purpose lubricant|alpha-Propylene glycol|alpha-propyleneglycol|BRN 1340498|Caswell No. 713|CH3CH(OH)CH2OH|Chilisa FE|DL-1,2-Propanediol|dl-Propylene glycol|Dowfrost|EINECS 200-338-0|EPA Pesticide Chemical Code 068603|FEMA No. 2940|General lube|Glycol|HOCH2CH(OH)CH3|HOCH2CH(OH)Me|Ilexan P|Inhibited 1,2-propylene glycol|Isopropylene glycol|MeCH(OH)CH2OH|Methyl ethylene glycol|methyl glycol|Methylethyl glycol|Methylethylene glycol|MONO PROPYLENE GLYCOL|Monopropylene glycol|NSC 69860|POLYESTER OF 1,2-PROPANEDIOL|PPD|Prolugen|Propan-1,2-diol|Propane-1,2-diol|Propanediol|propano-1,2-diol|PROPYLENE GLYCOL|Propylene glycol usp|PROPYLENE, GLYCOL|Propylen|1194046-20-2|190913-75-8|4254-16-4|63625-56-9",https://comptox.epa.gov/dashboard/chemical/details/DTXSID0021206,https://doi.org/10.22427/NTP-DATA-DTXSID0021206,0
100,skin_irritation_invivo_12,In Vivo,,,Heptanal,111-71-7,DTXSID0021597,,,,Chemical,Human,,,,Four-hour Human Patch Test,Qualitative classification,Irritant,Unitless,Jirova et al. 2010; 20136894; 10.1111/j.1600-0536.2009.01640.x,CCCCCCC=O,Heptanal,111-71-7|Heptanal|1-Heptaldehyde|1-Heptanal|Aldehyde C-7|Aldehyde C7|BRN 1560236|EINECS 203-898-4|Enanthal|Enanthaldehyde|Enanthic aldehyde|Enanthole|FEMA 2540|FEMA No. 2540|FEMA Number 2541|heptaldehyde|Heptan-1-al|Heptanaldehyde|Heptyl aldehyde|Heptylaldehyde|N-C6H13CHO|n-Heptaldehyde|N-Heptaldehyde [UN3056] [Flammable liquid]|n-Heptanal|n-Heptylaldehyde|NSC 2190|Oenanthal|OENANTHALDEHYD|Oenanthaldehyde|Oenanthic aldehyde|Oenanthol|Oenanthole|UN 3056|UNII-92N104S3HF,https://comptox.epa.gov/dashboard/chemical/details/DTXSID0021597,https://doi.org/10.22427/NTP-DATA-DTXSID0021597,1
130,skin_irritation_invivo_33,In Vivo,,,Isopropyl myristate,110-27-0,DTXSID0026838,,,,Chemical,Human,,,,Four-hour Human Patch Test,Qualitative classification,Not classified,Unitless,Basketter et al. 2004; 15291823; 10.1111/j.0105-1873.2004.00385.x,CCCCCCCCCCCCCC(=O)OC(C)C,Isopropyl tetradecanoate,"110-27-0|Isopropyl tetradecanoate|1-Methylethyl tetradecanoate|1-Tridecanecarboxylic acid, isopropyl ester|203-751-4|Bisomel|BRN 1781127|Caswell No. 511E|Crodacol IPM|Crodamol 1PM|Crodamol I.P.M.|Crodamol IPM|D 50|D 50 (emollient)|Deltyl Extra|Deltylextra|EC No.: 203-751-4|EINECS 203-751-4|Emcol IM|Emcol-IM|Emerest 2314|EPA Pesticide Chemical Code 000207|Estergel|Estergel (TN)|Estol 1512|Estol 1514|Estol IPM 1512|Exceparl IPM|Exceparl IPML|FEMA 3556|FEMA No. 3556|IPM|IPM 100|IPM-EX|IPM-R|Iso-propyl N-tetradecanoate|Isomyst|isopropyl myristate|Isopropyl myristate-PM|Isopropyl tetradecanoic acid|Isopropylmyristat|JA-FA IPM|Kessco IPM|Kessco isopropyl myristate|Kesscomir|Kollicream IPM|Lexol IPM|Liponate IPM|Matlube IPM-S|Methylethyl tetradecanoate|miristato de isopropilo|Myristate d'isopropyle|MYRISTATE, ISOPROPYL|Myristic acid isopropyl ester|Myristic acid, isopropyl ester|MYRISTINSAEURE-ISOPROPYLESTER|Nikkol IPM|Nikkol IPM 100|Nikkol IPM-EX|NSC 406280|Pastell IP 14|Pelemol IPM|Plymoutm IPM|Promyr|Propan-2-yl tetradecanoate|Radia 7190|Radia 77|1405-98-7|852553-53-8",https://comptox.epa.gov/dashboard/chemical/details/DTXSID0026838,,0
132,skin_irritation_invivo_67,In Vivo,,,di-Propylene glycol,25265-71-8,DTXSID0027856,,,,Chemical,Human,,,,Four-hour Human Patch Test,Qualitative classification,Not classified,Unitless,Jirova et al. 2010; 20136894; 10.1111/j.1600-0536.2009.01640.x,"C*.C*.OCCOCCO |lp:4:2,7:2,10:2,m:1:5.6,3:8.9|",Dipropylene glycol,"25265-71-8|Dipropylene glycol|1,1'-Oxybis(2-propanol)|4-Oxa-2,6-heptandiol|ADK DPG-RF|Caswell No. 399E|DIPROPYLENEGLYCOL|DIPROPYLENGLYKOL|Dowanol DPG|EINECS 246-770-3|EPA Pesticide Chemical Code 068604|oxidipropanol|Oxybispropanol|Oxydipropanol|Propanol, oxybis-|UNII-E107L85C40|25322-23-0|27941-90-8|27941-91-9|28678-26-4|30370-61-7|75047-14-2|78644-49-2",https://comptox.epa.gov/dashboard/chemical/details/DTXSID0027856,https://doi.org/10.22427/NTP-DATA-DTXSID0027856,0
146,skin_irritation_invivo_63,In Vivo,,,Sodium hydroxide,1310-73-2,DTXSID0029634,,,,Chemical,Human,,,,Four-hour Human Patch Test,Qualitative classification,Irritant/Possible corrosive,Unitless,Basketter et al. 2004; 15291823; 10.1111/j.0105-1873.2004.00385.x,[OH-].[Na+],Sodium hydroxide,"1310-73-2|Sodium hydroxide|Aetznatron|ANHYDROUS|ASCARITE|Caswell No. 773|CAUSTIC SODA|CAUSTIC SODA FLAKES|Caustic soda, liquid|Collo-Grillrein|Collo-Tapetta|EINECS 215-185-5|EPA Pesticide Chemical Code 075603|Fuers Rohr|hidroxido de sodio|Hydroxyde de sodium|Lewis-red devil lye|Liquid-plumr|Na(OH)|NaOH|Natrium causticum|Natrium-hydroxid, reinstes|Natriumhydroxid|Natriumhydroxyde|NATRONLAUGE 1-5%|NATRONLAUGE UEBER 5%|NSC 135799|Rohrputz|Rohrreiniger Rofix|Soda lye|Soda, caustic|Soda, hydrate|Soda, kaustische|Sodio(idrossido di)|SODIUM HYDRATE|Sodium hydroxide (Na(OH))|Sodium Hydroxide AR (1KG/BT)|Sodium hydroxide dimer|Sodium hydroxide,|Sodium(hydroxyde de)|soude caustique|StamperPrep|Tosoh Pearl|UN 1823|UN 1824|UNII-55X04QC32I|White caustic|8012-01-9",https://comptox.epa.gov/dashboard/chemical/details/DTXSID0029634,,1
229,skin_irritation_invivo_51,In Vivo,,,4-Methylthio benzaldehyde,3446-89-7,DTXSID0033047,,,,Chemical,Human,,,,Four-hour Human Patch Test,Qualitative classification,Not classified,Unitless,Jirova et al. 2010; 20136894; 10.1111/j.1600-0536.2009.01640.x,CSC1=CC=C(C=O)C=C1,4-(Methylthio)benzaldehyde,"3446-89-7|4-(Methylthio)benzaldehyde|Benzaldehyde, 4-(methylthio)-|EINECS 222-365-7|942039-57-8",https://comptox.epa.gov/dashboard/chemical/details/DTXSID0033047,,0
280,skin_irritation_invivo_15,In Vivo,,,Heptyl butyrate,5870-93-9,DTXSID0042038,,,,Chemical,Human,,,,Four-hour Human Patch Test,Qualitative classification,Not classified,Unitless,Basketter et al. 2004; 15291823; 10.1111/j.0105-1873.2004.00385.x,CCCCCCCOC(=O)CCC,Heptyl butyrate,"5870-93-9|Heptyl butyrate|BRN 1760253|Butanoic acid, heptyl ester|Butyric acid, heptyl ester|EINECS 227-526-5|FEMA No. 2549|Heptyl butanoate|Heptyl butyrate|UNII-6YF38H29F1",https://comptox.epa.gov/dashboard/chemical/details/DTXSID0042038,,0
282,skin_irritation_invivo_27,In Vivo,,,Hydroxycitronellal,89-43-0,DTXSID0044579,,,,Chemical,Human,,,,Four-hour Human Patch Test,Qualitative classification,Not classified,Unitless,Jirova et al. 2010; 20136894; 10.1111/j.1600-0536.2009.01640.x,COC(=O)C1=C(C=CC=C1)N=CCC(C)CCCC(C)(C)O,"Methyl 2-((7-hydroxy-3,7-dimethyloctylidene)amino)benzoate","89-43-0|Methyl 2-((7-hydroxy-3,7-dimethyloctylidene)amino)benzoate|201-908-1|Anthranilic acid, N-(7-hydroxy-3,7-dimethyloctylidene)-, methyl ester|Aurantine|Aurantiol|Aurantion|Aurantium|Benzoic acid, 2-[(7-hydroxy-3,7-dimethyloctylidene)amino]-, methyl ester|EC No.: 201-908-1|EINECS 201-908-1|Hydroxycitronellal / methyl anthranilate|Hydroxycitronellal methyl anthranilate|Hydroxycitronellylidene methyl anthranilate|Methyl 2-[(7-hydroxy-3,7-dimethyloctylidene)amino]benzoate|Methyl N-3,7-dimethyl-7-hydroxyoctylideneanthranilate|NSC 78483|61792-01-6",https://comptox.epa.gov/dashboard/chemical/details/DTXSID0044579,,0
284,skin_irritation_invivo_47,In Vivo,,,Methyl caproate,106-70-7,DTXSID0047616,,,,Chemical,Human,,,,Four-hour Human Patch Test,Qualitative classification,Not classified,Unitless,Basketter et al. 2004; 15291823; 10.1111/j.0105-1873.2004.00385.x,CCCCCC(=O)OC,Methyl hexanoate,"106-70-7|Methyl hexanoate|BRN 1744683|Caproic acid methyl ester|Caproic acid, methyl ester|EINECS 203-425-1|FEMA 2708|FEMA No. 2708|Hexanoate de methyle|HEXANOATE, METHYL|hexanoato de metilo|Hexanoic acid methyl ester|Hexanoic acid, methyl ester|Hexanoic acid,methyl ester|Methyl caproate|Methyl capronate|Methyl ester of hexanoic acid|Methyl hexoate|Methyl hexylate|Methyl n-hexanoate|Methyl N-hexoate|Methylhexanoat|N-Caproic acid methyl ester|NSC 5023|UNII-246364VPJS",https://comptox.epa.gov/dashboard/chemical/details/DTXSID0047616,,0
305,skin_irritation_invivo_41,In Vivo,,,1-(2-Isopropylphenyl)-1-phenyle- thane (Mixture of isomers),191044-60-7,DTXSID00889094,,,,Chemical,Human,,,,Four-hour Human Patch Test,Qualitative classification,Not classified,Unitless,Jirova et al. 2010; 20136894; 10.1111/j.1600-0536.2009.01640.x,CC(C)C1=CC=CC=C1C(C)C1=CC=CC=C1,"Benzene, 1-(1-methylethyl)-2-(1-phenylethyl)-","191044-60-7|Benzene, 1-(1-methylethyl)-2-(1-phenylethyl)-",https://comptox.epa.gov/dashboard/chemical/details/DTXSID00889094,,0
399,skin_irritation_invivo_34,In Vivo,,,Benzyl salicylate,118-58-1,DTXSID1024598,,,,Chemical,Human,,,,Four-hour Human Patch Test,Qualitative classification,Not classified,Unitless,Basketter et al. 2004; 15291823; 10.1111/j.0105-1873.2004.00385.x,OC1=C(C=CC=C1)C(=O)OCC1=CC=CC=C1,Benzyl salicylate,"118-58-1|Benzyl salicylate|204-262-9|4-10-00-00157|Benzoic acid, 2-hydroxy-, phenylmethyl ester|Benzyl 2-hydroxybenzoate|Benzyl o-hydroxybenzoate|BRN 2115365|EC No.: 204-262-9|EINECS 204-262-9|FEMA No. 2151|NSC 6647|Salicyclic acid, benzyl ester|Salicylsaeurebenzylester|UNII-WAO5MNK9TU",https://comptox.epa.gov/dashboard/chemical/details/DTXSID1024598,https://doi.org/10.22427/NTP-DATA-DTXSID1024598,0
412,skin_irritation_invivo_61,In Vivo,,,Sodium dodecyl sulphate,151-21-3,DTXSID1026031,,,,Chemical,Human,,,,Four-hour Human Patch Test,Qualitative classification,Not classified/Possible irritant,Unitless,Robinson et al. 2001; 11422260; 10.1034/j.1600-0536.2001.045001001.x,[Na+].CCCCCCCCCCCCOS([O-])(=O)=O,Sodium dodecyl sulfate,"151-21-3|Sodium dodecyl sulfate|1-Dodecanol,hydrogen sulfate,sodium salt|Adeka Hope LS 35|Adeka Hope LS 90|Akyposal NLS|Akyposal SDS|Alscoap LN 40A|Alscoap LN 90|Alscoap LN-140|Alscoap MP 90N|Alscoap SP 40|Alscoap-LN 90P|Anticerumen|Aquarex Me|Aquarex methyl|Avirol SL 2010|Bio-Soft SDBS 60|Calfoam ES 303|Calfoam SLS 30|Carsonol SLS|Carsonol SLS Paste B|Carsonol SLS Special|Carsonol SLS-S|Caswell No. 779|Colonial SLS|Conco sulfate WA|Conco sulfate WA-1200|Conco sulfate WA-1245|Conco Sulfate WAG|Conco Sulfate WAN|Conco Sulfate WAS|Conco sulfate WN|Cycloryl 21|Cycloryl 21LS|Cycloryl 31|Cycloryl 580|Cycloryl 585N|Dehydag Sulfate GL|Dehydag sulfate GL emulsion|Dehydag sulphate GL emulsion|Dehydrag sulfate gl emulsion|Dermacide|Detergent 66|Dodecyl alcohol, hydrogen sulfate, sodium salt|DODECYL HYDROGEN SULFATE SODIUM SALT|DODECYL HYDROGENSULFATE SODIUM SALT|Dodecyl sodium sulfate|Dodecyl sulfate sodium|DODECYL SULFATE SODIUM SALT|DODECYL SULFATE, SODIUM|Dodecyl sulfate, sodium salt|Dupanol WAQ|Duponal|Duponal WAQE|Duponol|Duponol C|Duponol ME|Du|1000201-72-8|1000201-73-9|111726-87-5|121481-64-9|12738-53-3|12765-21-8|129203-37-8|1334-67-4|1335-72-4|145269-44-9|152155-52-7|156108-01-9|172826-72-1|1883428-81-6|191490-40-1|210297-21-5|2326507-32-6|237743-45-2|303179-49-9|39384-36-6|51222-39-0|57176-54-2|58640-35-0|61711-39-5|64441-33-4|74433-77-5|8012-56-4|8048-56-4|877454-24-5|952055-37-7|952092-90-9",https://comptox.epa.gov/dashboard/chemical/details/DTXSID1026031,https://doi.org/10.22427/NTP-DATA-DTXSID1026031,1
426,skin_irritation_invivo_87,In Vivo,,,Sodium carbonate,497-19-8,DTXSID1029621,,,,Chemical,Human,,,,Four-hour Human Patch Test,Qualitative classification,Not classified,Unitless,Basketter et al. 2004; 15291823; 10.1111/j.0105-1873.2004.00385.x,[Na+].[Na+].[O-]C([O-])=O,Carbonic acid sodium salt (1:2),"497-19-8|Carbonic acid sodium salt (1:2)|Bisodium carbonate|Calcined soda|Carbonate de sodium|carbonato de sodio|Carbonic acid disodium salt|Carbonic acid sodium salt|Carbonic acid sodium salt (1:2)|Caswell N0 752|Dense Ash|Disodium carbonate|Disodium carbonate (Na2CO3)|Dynamar 5251Q|Dynamar L 13890|Dynamar RC 5251Q|EINECS 207-838-8|EPA Pesticide Chemical Code 073506|Light Ash|Lime ash|Na-X|Na2CO3|Natrium Carbonicum Calcinatum|Natrium Carbonicum Siccatum|NSC 156204|Snowlite 1|Snowlite I|Soda|Soda ash|Soda Ash Dense|Soda Ash Light|Soda Light|Soda, calcined|Sodium carbonate|Sodium carbonate (2:1)|Sodium carbonate (Na2(CO3))|Sodium carbonate, anhydrous|Suprapur 6395|UNII-45P3261C7T|V Soda|Washing soda|1314087-39-2|1332-57-6|1977561-09-3|7542-12-3",https://comptox.epa.gov/dashboard/chemical/details/DTXSID1029621,,0
489,skin_irritation_invivo_36,In Vivo,,,1-Bromo-4-chlorobutane,6940-78-9,DTXSID1049350,,,,Chemical,Human,,,,Four-hour Human Patch Test,Qualitative classification,Not classified,Unitless,Jirova et al. 2010; 20136894; 10.1111/j.1600-0536.2009.01640.x,ClCCCCBr,1-Bromo-4-chlorobutane,"6940-78-9|1-Bromo-4-chlorobutane|1-Chloro-4-bromobutane|4-Bromo-1-chlorobutane|Butane, 1-bromo-4-chloro-|EINECS 230-089-3|NSC 60193|Tetramethylene chlorobromide",https://comptox.epa.gov/dashboard/chemical/details/DTXSID1049350,,0
530,skin_irritation_invivo_14,In Vivo,,,Heptanoic acid,111-14-8,DTXSID2021600,,,,Chemical,Human,,,,Four-hour Human Patch Test,Qualitative classification,Irritant,Unitless,Basketter et al. 2004; 15291823; 10.1111/j.0105-1873.2004.00385.x,CCCCCCC(O)=O,Heptanoic acid,"111-14-8|Heptanoic acid|1-Hexanecarboxylate|1-Hexanecarboxylic acid|4-02-00-00958|Acide heptanoique|acido heptanoico|Artec ultra conditioning teat dip|BRN 1744723|EINECS 203-838-7|Enanthate|Enanthic acid|Enanthylate|Enanthylic acid|FEMA No. 3348|Heptanoate|Heptansaure|Heptoate|Heptoic acid|Heptylate|Heptylic acid|Hexacid C-7|N-Heptanoate|n-Heptanoic acid|N-Heptoate|n-Heptoic acid|N-Heptylate|n-Heptylic acid|NSC 2192|Oenanthate|Oenanthic acid|OENANTHIC-ACID, C7|Oenanthylate|Oenanthylic acid|UNII-THE3YNP39D|2243153-85-5",https://comptox.epa.gov/dashboard/chemical/details/DTXSID2021600,https://doi.org/10.22427/NTP-DATA-DTXSID2021600,1
533,skin_irritation_invivo_17,In Vivo,,,Hexadecanoic acid,57-10-3,DTXSID2021602,,,,Chemical,Human,,,,Four-hour Human Patch Test,Qualitative classification,Not classified,Unitless,Basketter et al. 2004; 15291823; 10.1111/j.0105-1873.2004.00385.x,CCCCCCCCCCCCCCCC(O)=O,Hexadecanoic acid,"57-10-3|Hexadecanoic acid|1-hexyldecanoic acid|1-Pentadecanecarboxylic acid|16:00|4-02-00-01157|Acide palmitique|acido palmitico, puro|BRN 0607489|C16|C16 fatty acid|C16:0|Cetylic acid|CH3-[CH2]14-COOH|Edenor C16|EINECS 200-312-9|Emersol 140|Emersol 143|FEMA No. 2832|Glycon P-45|Hexadecanoate|Hexadecanoic acid|Hexadecanoic acid palmitic acid|Hexadecoate|hexadecoic acid|Hexadecylic acid|Hexaectylic acid|Hydrofol|Hydrofol Acid 1690|Hystrene 8016|Hystrene 9016|Industrene 4516|Kortacid 1695|Kortacid 1698|Loxiol EP 278|Lunac P 95|Lunac P 95KC|Lunac P 98|N-Hexadecanoate|n-Hexadecanoic acid|N-Hexadecoate|n-Hexadecoic acid|NSC 5030|Palmitate|Palmitic acid|Palmitic acid 95%|Palmitinate|Palmitinic acid|PALMITINSAEURE|Palmitinsaure|Palmitoate|Palmitoic acid|PAM|Pentadecanecarboxylate|Pentadecanecarboxylic acid|PLM|Prifac 2960|Prifrac 2960|Pristerene 4934|UNII-2V16EO95H1|Univol U332|116860-99-2|212625-86-0|60605-23-4|66321-94-6",https://comptox.epa.gov/dashboard/chemical/details/DTXSID2021602,,0
535,skin_irritation_invivo_5,In Vivo,,,Dimethylsulfoxide,67-68-5,DTXSID2021735,,,,Chemical,Human,,,,Four-hour Human Patch Test,Qualitative classification,Irritant,Unitless,Basketter et al. 2004; 15291823; 10.1111/j.0105-1873.2004.00385.x,CS(C)=O,Dimethyl sulfoxide,"67-68-5|Dimethyl sulfoxide|(CH3)2SO|(methylsulfinyl)methane|Caswell No. 381|Demasorb|Demavet|Demsodrox|Dimethyl sulfoxixde|dimethyl sulfur oxide|Dimethyl Sulphoxide|Dimethyl sulpoxide|Dimethyli sulfoxidum|Dimethylsulfoxid|DIMETHYLSULFOXIDE|Dimethylsulfoxyde|dimetil sulfoxido|Dimetilsolfossido|Dimexide|Dimexidum|Dipirartril-tropico|DMSO|Dolicur|Doligur|Dromisol|Durasorb|EINECS 200-664-3|EPA Pesticide Chemical Code 000177|Infiltrina|Methane, 1,1'-sulfinylbis-|Methane, sulfinylbis-|methanesulfinylmethane|Methyl sulfoxide|Methyl sulphoxide|Methylsulfinylmethane|NSC 763|NSC-763|S(O)Me2|Sclerosol|Somipront|sulfinylbis(methane)|Sulfinylbismethane|SULFOXIDE, DIMETHYL|Syntexan|UNII-YOW8V9698H|164071-41-4|705301-21-9|8070-53-9",https://comptox.epa.gov/dashboard/chemical/details/DTXSID2021735,https://doi.org/10.22427/NTP-DATA-DTXSID2021735,1
539,skin_irritation_invivo_64,In Vivo,,,di-n-Propyl disulfide,629-19-6,DTXSID2022096,,,,Chemical,Human,,,,Four-hour Human Patch Test,Qualitative classification,Not classified,Unitless,Jirova et al. 2010; 20136894; 10.1111/j.1600-0536.2009.01640.x,CCCSSCCC,Dipropyl disulfide,"629-19-6|Dipropyl disulfide|4,5-Dithiaoctane|Di-n-propyl disulfide|Disulfide, dipropyl|EINECS 211-079-8|FEMA 3228|FEMA No. 3228|NSC 75122|Propyl disulfide|Propyldithiopropane|UNII-I7K169J70F",https://comptox.epa.gov/dashboard/chemical/details/DTXSID2022096,,0
541,skin_irritation_invivo_79,In Vivo,,,Tris(hydroxymethyl)aminomethane,77-86-1,DTXSID2023723,,,,Chemical,Human,,,,Four-hour Human Patch Test,Qualitative classification,Not classified,Unitless,Basketter et al. 2004; 15291823; 10.1111/j.0105-1873.2004.00385.x,NC(CO)(CO)CO,Tromethamine,"77-86-1|Tromethamine|[2-Hydroxy-1,1-bis(hydroxymethyl)ethyl]amine|1,1,1-tris(hydroxymethyl)methanamine|1,3-Propanediol, 2-amino-2-(hydroxymethyl)-|2-(Hydroxymethyl)-2-amino-1,3-propanediol|2-Amino-1,3-dihydroxy-2-(hydroxymethyl)propane|2-AMINO-2-(HYDROXYMETHYL)-1,3-PROPANDIOL|2-Amino-2-(hydroxymethyl)-1,3-propanediol|2-Amino-2-(hydroxymethyl)propane-1,3-diol|2-Amino-2-hydroxymethyl-1, 3-propanediol|2-amino-2-hydroxymethyl-1,3-propanediol|2-Amino-2-hydroxymethylpropan-1,3-diol|2-Amino-2-methylol-1,3-propanediol|Addex-Tham|Aminotri(hydroxymethyl)methane|Aminotrimethylolmethane|Aminotris(hydroxymethyl)methane|Apiroserum Tham|Caswell No. 036|EINECS 201-064-4|EPA Pesticide Chemical Code 083901|Methanamine, 1,1,1-tris(hydroxymethyl)-|Methylamine, 1,1,1-tris(hydroxymethyl)-|NSC 103026|NSC 6365|NSC 65434|Pehanorm|PROPANE-1,3-DIOL, 2-AMINO-2-(HYDROXYMETHYL)-|Talatrol|THAM|Tri Amino|Tri(hydroxymethyl)methylamine|Trigmo base|TRIHYDROXYMETHYLAMINOMETHANE|Triladyl|Trimethylolaminomethane|TRIS|Tris Amino|Tris Amino Crystal|Tris base|TRIS BUFFE|108195-86-4|1158650-64-6|119320-15-9|25149-07-9|68755-45-3|83147-39-1|857365-23-2",https://comptox.epa.gov/dashboard/chemical/details/DTXSID2023723,,0
547,skin_irritation_invivo_74,In Vivo,,,Terpinyl acetate,80-26-2,DTXSID2026496,,,,Chemical,Human,,,,Four-hour Human Patch Test,Qualitative classification,Not classified,Unitless,Jirova et al. 2010; 20136894; 10.1111/j.1600-0536.2009.01640.x,CC(=O)OC(C)(C)C1CCC(C)=CC1,alpha-Terpinyl acetate,"80-26-2|alpha-Terpinyl acetate|(.+-.)-a-Terpineol acetate|(.+-.)-a-Terpinyl acetate|2-(4-Methyl-3-cyclohexen-1-yl)-2-propyl acetate|3-Cyclohexene-1-methanol, .alpha.,.alpha.,4-trimethyl-, 1-acetate|3-Cyclohexene-1-methanol, .alpha.,.alpha.,4-trimethyl-, acetate|3-Cyclohexene-1-methanol, alpha,alpha,4-trimethyl-, 1-acetate|3-Cyclohexene-1-methanol, a,a,4-trimethyl-, 1-acetate|3-Cyclohexene-1-methanol, a,a,4-trimethyl-, acetate|4-06-00-00253|a-Terpineol acetate|Acetate de p-menth-1-en-8-yle|acetate de p-menth-1-ene-8-yle|ACETATE, a, a, 4-TRIMETHYL-CYCLOHEX-3-ENE-1-METHYL|acetato de p-ment-1-en-8-ilo|alpha-Terpineol, acetate|alpha,alpha,4-Trimethyl-3-cyclohexene-1-methyl acetate|BRN 3198769|EINECS 201-265-7|EINECS 234-183-5|FEMA 3047|FEMA No. 3047|p-Menth-1-en-8-ol, acetate|p-menth-1-en-8-yl acetate|p-Menth-1-en-8-ylacetat|TERPINYL ACETATE|UNII-9RXE0I9F2J|a-Terpineol acetate|a-Terpinyl acetate|a,a,4-trimethyl-3-cyclohexene-1-methanol acetate|104806-93-1|10581-37-0|21090-64-2",https://comptox.epa.gov/dashboard/chemical/details/DTXSID2026496,,0
717,skin_irritation_invivo_54,In Vivo,,,Nonanoic acid,112-05-0,DTXSID3021641,,,,Chemical,Human,,,,Four-hour Human Patch Test,Qualitative classification,Irritant,Unitless,Jirova et al. 2010; 20136894; 10.1111/j.1600-0536.2009.01640.x,CCCCCCCCC(O)=O,Nonanoic acid,"112-05-0|Nonanoic acid|1-Nonanoate|1-nonanoic acid|1-Octanecarboxyic acid|1-Octanecarboxylate|1-Octanecarboxylic acid|4-02-00-01018|Acide nonanoique|acido nonanoico|BRN 1752351|CH3-[CH2]7-COOH|Cirrasol 185a|EINECS 203-931-2|Emery 1202|Emery'S L-114|Emfac 1202|EPA Pesticide Chemical Code 217500|FEMA No. 2784|Grantrico|Hexacid C-9|N-Nonanoate|N-NONANOIC ACID|N-Nonoate|n-Nonoic acid|N-Nonylate|n-Nonylic acid|N-Pelargonate|n-Pelargonic acid|Nonanoate|Nonansaeure|Nonansaure|Nonoate|Nonoic acid|Nonylate|Nonylic acid|NSC 62787|NSC 65450|NSC 65455|Pelargate|Pelargic acid|pelargon|Pelargonate|Pelargonic acid|PELARGONIC-ACID, C9|PELARGONSAEURE|Pergonate|Pergonic acid|UNII-97SEH7577T",https://comptox.epa.gov/dashboard/chemical/details/DTXSID3021641,https://doi.org/10.22427/NTP-DATA-DTXSID3021641,1
722,skin_irritation_invivo_58,In Vivo,,,Octanoic acid,124-07-2,DTXSID3021645,,,,Chemical,Human,,,,Four-hour Human Patch Test,Qualitative classification,Irritant,Unitless,Basketter et al. 2004; 15291823; 10.1111/j.0105-1873.2004.00385.x,CCCCCCCC(O)=O,Octanoic acid,"124-07-2|Octanoic acid|1-Heptanecarboxylate|1-Heptanecarboxylic acid|4-02-00-00982|8:0|Acide octanoique|acido octanoico|Acidum octanocium|BRN 1747180|C8:0|Caprylate|Caprylic acid|CAPRYLIC-ACID, NATURAL|CAPRYLSAEURE|CH3-[CH2]6-COOH|Edenor C 8-98-100|EINECS 204-677-5|Emery 657|Enantic acid|FEMA No. 2799|Hexacid 898|Kaprylsaeure|Kortacid 0899|Kyselina kaprylova|Lunac 8-95|Lunac 8-98|N-Caprylate|n-Caprylic acid|N-Octanoate|n-Octanoic acid|N-Octoate|n-Octoic acid|N-Octylate|n-Octylic acid|Neo-Fat 8|Neo-Fat 8S|NSC 5024|Octansaeure|Octansaure|Octic acid|octoic acid|Octylate|Octylic acid|Prifac 2901|UNII-OBL58JN025|2171005-29-9",https://comptox.epa.gov/dashboard/chemical/details/DTXSID3021645,https://doi.org/10.22427/NTP-DATA-DTXSID3021645,1
752,skin_irritation_invivo_71,In Vivo,,,Sodium xylene sulfonate,1300-72-7,DTXSID3026302,,,,Chemical,Human,,,,Four-hour Human Patch Test,Qualitative classification,Not classified,Unitless,Basketter et al. 2004; 15291823; 10.1111/j.0105-1873.2004.00385.x,"C*.C*.OS(=O)(=O)C1=CC=CC=C1 |c:8,10,t:6,lp:4:2,6:2,7:2,m:1:9.10,3:10.11.12.13|",Sodium xylenesulfonate,"1300-72-7|Sodium xylenesulfonate|Benzenesulfonic acid, dimethyl-, sodium salt|Benzenesulfonic acid, dimethyl-, sodium salt (1:1)|Caswell No. 799A|Conco SXS|Cyclophil SXS 30|Cyclophil sxs30|Dimethylbenzenesulfonic acid sodium salt|EINECS 215-090-9|Eltesol SX 30|Eltesol SX 93|EPA Pesticide Chemical Code 079019|Hydrotrope|Kemmat SN 18|Natriumxylolsulfonat|Naxonate|Naxonate 4L|Naxonate G|Naxonate SX|NCI-C55403|Richonate SXS|Sodium dimethylbenzenesulfonate|Sodium xylene sulfonate|sodium xylenesulphonate|Stepanate SXS|Stepanate X|Surco SXS|Ultrawet 40SX|UNII-G4LZF950UR|Witconate SXS|xilensulfonato de sodio|Xylenesulfonate de sodium|XYLENESULFONATE, SODIUM|Xylenesulfonic acid, sodium salt|39340-93-7",https://comptox.epa.gov/dashboard/chemical/details/DTXSID3026302,https://doi.org/10.22427/NTP-DATA-DTXSID3026302,0
753,skin_irritation_invivo_42,In Vivo,,,Citronellol,106-22-9,DTXSID3026726,,,,Chemical,Human,,,,Four-hour Human Patch Test,Qualitative classification,Not classified,Unitless,Basketter et al. 2004; 15291823; 10.1111/j.0105-1873.2004.00385.x,CC(CCO)CCC=C(C)C,Citronellol,"106-22-9|Citronellol|(.+-.)-3,7-Dimethyl-6-octen-1-ol|(.+-.)-Citronellol|(.+-.)-b-Citronellol|2,3-Dihydrogeraniol|2,6-Dimethyl-2-octen-8-ol|3,7-Dimethyl-6-octen-1-ol|3,7-Dimethyloct-6-en-1-ol|4-01-00-02188|6-Octen-1-ol, 3,7-dimethyl-|beta-Citronellol|BRN 1721507|Cephrol|Citronellol 950|Citronellol, dl-|citronelol|Dihydrogeraniol|dl-Citronellol|EINECS 203-375-0|EINECS 247-737-6|Elenol|NSC 8779|OCT-6-EN-1-OL, 3,7-DIMETHYL-, (+-)-|Rhodinol|Rodinol|UNII-565OK72VNF|b-Citronellol|1335-43-9|26489-01-0",https://comptox.epa.gov/dashboard/chemical/details/DTXSID3026726,https://doi.org/10.22427/NTP-DATA-DTXSID3026726,0
758,skin_irritation_invivo_66,In Vivo,,,Sodium percarbonate,15630-89-4,DTXSID3029736,,,,Chemical,Human,,,,Four-hour Human Patch Test,Qualitative classification,Not classified,Unitless,Basketter et al. 2004; 15291823; 10.1111/j.0105-1873.2004.00385.x,[Na+].[Na+].[Na+].[Na+].OO.OO.OO.[O-]C([O-])=O.[O-]C([O-])=O,"Carbonic acid disodium salt, compd. with hydrogen peroxide (H2O2) (2:3)","15630-89-4|Carbonic acid disodium salt, compd. with hydrogen peroxide (H2O2) (2:3)|239-707-6|BIOXY S|BIOXY S NEW|Carbonate de disodium, compose avec le peroxyde d'hydrogene(2:3)|carbonate de disodium, compose avec peroxyde d'hydrogene(2:3)|carbonato de disodio, composto con peroxido de hidrogeno(2:3)|Carbonic acid disodium salt, compd. with hydrogen peroxide|CARBONIC ACID DISODIUM SALT, COMPOUND, WITH HYDROGEN PEROXIDE|Carbonic acid sodium salt (1:2), compd. with hydrogen peroxide (H2O2) (2:3)|Carbonic acid, disodium salt, compd. with hydrogen peroxide (2:3)|Carbonic acid, disodium salt, compound with hydrogen peroxide|Dinatriumcarbonat, Verbindung mit Hydrogenperoxid(2:3)|Disodium carbonate compd. with hydrogen peroxide (2:3)|Disodium carbonate compd. with hydrogen peroxide (Na2CO3.1.5 H2O2)|Disodium carbonate sesquiperoxide|Disodium carbonate, compd. with hydrogen peroxide (2:3)|Disodium carbonate, compound with hydrogen peroxide (2:3)|Disodium carbonate, hydrogen peroxide (2:3)|EC No.: 239-707-6|EINECS 239-707-6|FB Sodium Percarbonate|NATRIUMPERCARBONAT|OxiClean|Oxyper S 131|Oxyper S 142|1161851-82-6|121525-84-6|1226792-00-2|205368-25-8|701915-52-8|701915-53-9|726171-65-9|81677-18-1|82728-90-3|861998-94-9|89140-31-8|90569-69-0",https://comptox.epa.gov/dashboard/chemical/details/DTXSID3029736,,0
842,skin_irritation_invivo_37,In Vivo,,,1-Bromohexane,111-25-1,DTXSID4021929,,,,Chemical,Human,,,,Four-hour Human Patch Test,Qualitative classification,Irritant,Unitless,Jirova et al. 2010; 20136894; 10.1111/j.1600-0536.2009.01640.x,CCCCCCBr,1-Bromohexane,"111-25-1|1-Bromohexane|1-Bromhexan|1-bromohexano|1-Hexane bromide|1-Hexyl bromide|1-Hexylbromide|EINECS 203-850-2|Hexane, 1-bromo-|Hexyl bromide|n-Hexyl bromide|NSC 71206|UNII-WVA0FAX7GA",https://comptox.epa.gov/dashboard/chemical/details/DTXSID4021929,,1
861,skin_irritation_invivo_40,In Vivo,,,Butyl methacrylate,97-88-1,DTXSID4024696,,,,Chemical,Human,,,,Four-hour Human Patch Test,Qualitative classification,Not classified,Unitless,Jirova et al. 2010; 20136894; 10.1111/j.1600-0536.2009.01640.x,CCCCOC(=O)C(C)=C,Butyl methacrylate,"97-88-1|Butyl methacrylate|2-Methyl butylacrylate|2-Methyl-2-propenoic acid butyl ester|2-Methyl-butylacrylaat|2-Methyl-butylacrylat|2-Methyl-butylacrylate|2-Methylacrylic acid, butyl ester|2-Propenoic acid, 2-methyl-, butyl ester|Acryester B|Blemmer BMA|BRN 0773960|Butil metacrilato|Butyl 2-methacrylate|Butyl 2-methyl-2-propenoate|Butyl 2-methylacrylate|Butylester kyseliny methakrylove|Butylmethacrylaat|Butylmethacrylat|Butylmethacrylate|EINECS 202-615-1|Light Ester NB|metacrilato de butilo|Methacrylate de butyle|Methacrylic acid, butyl ester|METHACRYLSAEURE-BUTYLESTER|Methacrylsaeurebutylester|N-BUTYL METHACRYLATE|NSC 20956|PROP-2-ENOATE, 2-METHYL-, BUTYL|UN 2227|UNII-R5QX287XXU|1151915-97-7|1310566-97-2|1343477-79-1|159172-35-7|55922-77-5",https://comptox.epa.gov/dashboard/chemical/details/DTXSID4024696,https://doi.org/10.22427/NTP-DATA-DTXSID4024696,0
875,skin_irritation_invivo_62,In Vivo,,,Polyethylene glycol 400,25322-68-3,DTXSID4027862,,,,Chemical,Human,,,,Four-hour Human Patch Test,Qualitative classification,Not classified,Unitless,Basketter et al. 2004; 15291823; 10.1111/j.0105-1873.2004.00385.x,"[H]OCCO |lp:1:2,4:2,Sg:n:1,2,3::ht|",Polyethylene glycol,"25322-68-3|Polyethylene glycol|1,2-Ethanediol homopolymer|1,2-Ethanediol, homopolymer|3,6,9,12,15,18,21,24,27,30,33,36,39-Tridecaoxahentetracontane-1,41-diol|Alkox E 100|Alkox E 130|Alkox E 160|Alkox E 240|Alkox E 300|Alkox E 30G|Alkox LE|Alkox R 100|Alkox R 1000|Alkox R 150|Alkox R 400|Alkox SR|Alkox SW|alpha-Hydro-omega-hydroxypoly(oxy-1,2-ethanediyl)|alpha-Hydro-omega-hydroxypoly(oxyethylene)|Antarox E 4000|Aqua Calk TWB-P|Aquacide III|Aquaffin|Badimol|Bradsyn PEG|Breox PEG 300|CARBOWACHS|Carbowax|Carbowax 100|Carbowax 1000|Carbowax 1350|Carbowax 14000|Carbowax 1450|Carbowax 1500|Carbowax 1540|Carbowax 20|Carbowax 200|Carbowax 20000|Carbowax 25000|Carbowax 300|Carbowax 3350|Carbowax 400|Carbowax 4000|Carbowax 4500|Carbowax 4600|Carbowax 600|Carbowax 6000|Carbowax 8000|Carbowax E 300|Carbowax E 9000|Carbowax PEG 1450|Carbowax PEG 300|Carbowax Sentry 300|Carbowax Sentry NF|Carbowax Sentry PEG 8000|Cartaretin E|Cerasol 250A|Chemiox E 20(C)|Colyte|Deactivator H|Decuflux RM 33|Desmophen L 1208|EINECS 266-688-1|Emkapol 150|Emkapol 200|Emkapol|1011711-38-8|101677-86-5|1033001-32-9|1035554-64-3|106186-24-7|107502-63-6|107529-96-4|109550-27-8|112384-37-9|112895-21-3|113041-64-8|114323-93-2|1152430-37-9|116549-90-7|1186292-40-9|1186292-41-0|119219-06-6|1204298-97-4|1221382-78-0|1221382-83-7|1221889-65-1|1246265-64-4|125223-68-9|1256377-90-8|1267533-36-7|12676-74-3|12770-93-3|1287768-38-0|1293291-01-6|1319730-68-1|1330618-78-4|133573-31-6|1338951-32-8|134919-43-0|1370345-22-4|1373256-89-3|1377964-82-3|1422717-42-7|1429745-88-9|1434253-80-1|1435263-27-6|1446681-77-1|1474108-09-2|150872-82-5|154394-38-4|156948-19-5|1613520-06-1|1620693-21-1|1628723-15-8|1636129-20-8|169046-53-1|1696472-65-7|1710469-72-9|174460-08-3|174460-09-4|1800416-42-5|1809027-71-1|1852508-98-5|1873338-22-7|188364-77-4|188924-03-0|189154-62-9|191743-71-2|1927875-70-4|196696-84-1|201163-43-1|2015216-86-9|206357-86-0|2088235-52-1|2092889-80-8|2122851-44-7|2170314-63-1|221638-71-7|225502-44-3|25104-58-9|25609-81-8|270910-26-4|307928-07-0|34802-42-1|356055-70-4|37361-15-2|391229-98-4|402",https://comptox.epa.gov/dashboard/chemical/details/DTXSID4027862,https://doi.org/10.22427/NTP-DATA-DTXSID4027862,0
878,skin_irritation_invivo_50,In Vivo,,,Methyl palmitate,112-39-0,DTXSID4029149,,,,Chemical,Human,,,,Four-hour Human Patch Test,Qualitative classification,Not classified,Unitless,Basketter et al. 2004; 15291823; 10.1111/j.0105-1873.2004.00385.x,CCCCCCCCCCCCCCCC(=O)OC,Methyl hexadecanoate,"112-39-0|Methyl hexadecanoate|EINECS 203-966-3|FAME C16:0|Hexadecanoate methyl ester|Hexadecanoic acid methyl ester|Hexadecanoic acid, methyl ester|Hexadecanoic acid,methyl ester|Metholene 2216|Methyl n-hexadecanoate|methyl palmitate|Methyl palmitic acid|Methylpalmitat|n-Hexadecanoic acid methyl ester|NSC 4197|Palmitate de methyle|PALMITATE, METHYL|palmitato de metilo|Palmitic acid, methyl ester|PALMITINSAEURE-METHYLESTER|Pastell M 16|UNII-DPY8VCM98I|Uniphat A60",https://comptox.epa.gov/dashboard/chemical/details/DTXSID4029149,,0
981,skin_irritation_invivo_22,In Vivo,,,Hexyl salicylate,6259-76-3,DTXSID4038924,,,,Chemical,Human,,,,Four-hour Human Patch Test,Qualitative classification,Not classified,Unitless,Basketter et al. 2004; 15291823; 10.1111/j.0105-1873.2004.00385.x,CCCCCCOC(=O)C1=C(O)C=CC=C1,Hexyl salicylate,"6259-76-3|Hexyl salicylate|1-Hexyl salicylate|Benzoic acid, 2- hydroxy- , hexyl ester|EINECS 228-408-6|Hexyl 2-hydroxybenzoate|hexyl salicylate|n-Hexyl salicylate|n-Hexyl-o-hydroxybenzoate|Salicylic acid, hexyl ester|UNII-8F78EY72YL",https://comptox.epa.gov/dashboard/chemical/details/DTXSID4038924,,0
1045,skin_irritation_invivo_73,In Vivo,,,alpha-Terpineol,98-55-5,DTXSID5026625,,,,Chemical,Human,,,,Four-hour Human Patch Test,Qualitative classification,Not classified,Unitless,Basketter et al. 2004; 15291823; 10.1111/j.0105-1873.2004.00385.x,CC1=CCC(CC1)C(C)(C)O,alpha-Terpineol,"98-55-5|alpha-Terpineol|(+)-alpha-terpineol|(+)-p-menth-1-en-8-ol|(+)-a-Terpineol|(6R)-p-menth-1-en-8-ol|(R)-(+)-alpha-terpineol|(R)-2-(4-Methyl-3-cyclohexenyl)isopropanol|(R)-p-Menth-1-en-8-ol|(S)-(-)-p-Menth-1-en-8-ol|1-alpha-terpineol|1-menthene-8-ol|1-methyl-4-isopropyl-1-cyclohexen-8-ol|1-methyl-4-isopropyl-1-cyclohexene-8-ol|1-p-Menthen-8-ol|2-(4-Methyl-3-cyclohexen-1-yl)-2-propanol|2-(4-Methyl-3-cyclohexenyl)-2-propanol|2-(4-Methylcyclohex-3-en-1-yl)propan-2-ol|2-(4-Methylcyclohex-3-enyl)propan-2-ol (alpha-terpineol)|2-[(1R)-4-Methylcyclohex-3-en-1-yl]propan-2-ol|3-Cyclohexane-1-methanol, a,a,4-trimethyl-|3-Cyclohexene-1-methanol, .alpha.,.alpha.,4-trimethyl-|3-Cyclohexene-1-methanol, alpha,alpha,4-trimethyl-|3-Cyclohexene-1-methanol, a,a-4-trimethyl-|3-Cyclohexene-1-methanol, a,a,4-trimethyl-|4-(2-Hydroxy-2-propyl)-1-methylcyclohexene|8-Hydroxy-p-menth-1-ene|alpha-Terpinenol|alpha-Terpineole|alpha-Terpinol|alpha,alpha,4-trimethyl-3-cyclohexene-1-methanol|BRN 1906604|CARVOMENTHENOL|CYCLOHEX-3-ENE-1-HYDROXYMETHYL, a,a|22347-88-2|2438-12-2",https://comptox.epa.gov/dashboard/chemical/details/DTXSID5026625,,0
1048,skin_irritation_invivo_49,In Vivo,,,Methyl laurate,111-82-0,DTXSID5026889,,,,Chemical,Human,,,,Four-hour Human Patch Test,Qualitative classification,Not classified,Unitless,Basketter et al. 2004; 15291823; 10.1111/j.0105-1873.2004.00385.x,CCCCCCCCCCCC(=O)OC,Methyl dodecanoate,"111-82-0|Methyl dodecanoate|4-02-00-01090|Agnique ME 1270U|Agnique ME 1290|BRN 1767780|Dodecanoic acid methyl ester|Dodecanoic acid, methyl ester|DODECANOIC ACID,METHYL ESTER|Edenor ME-C 1270|Edenor ME-C 1298-100|EINECS 203-911-3|FEMA No. 2715|FEMA number 2715|Laurate de methyle|LAURATE, METHYL|laurato de metilo|Lauric acid methyl ester|Lauric acid, methyl ester|Metholene 2296|Methyl dodecylate|Methyl laurate|Methyl laurinate|Methyl n-dodecanoate|Methyllaurat|NSC 5027|Pastel M 12|Pastell M 12|Stepan C 40|Texaprint SDM 100|UNII-8IPS6BI6KW|Uniphat A 40|Uniphat A40",https://comptox.epa.gov/dashboard/chemical/details/DTXSID5026889,,0
1050,skin_irritation_invivo_7,In Vivo,,,Dodecanol,112-53-8,DTXSID5026918,,,,Chemical,Human,,,,Four-hour Human Patch Test,Qualitative classification,Not classified,Unitless,Basketter et al. 2004; 15291823; 10.1111/j.0105-1873.2004.00385.x,CCCCCCCCCCCCO,1-Dodecanol,"112-53-8|1-Dodecanol|1-Dodecyl alcohol|1-Hydroxydodecane|203-982-0|4-01-00-01844|Alcohol C-12|Alfol 12|BRN 1738860|C12 alcohol|Cachalot L-50|Cachalot L-90|Co-1214S1-dodecanol|Dodecan-1-ol|dodecane-1-ol|Dodecanol-1|Dodecyl alcohol|Dodecylalcohol|Duodecyl alcohol|Dytol j-68|EC No.: 203-982-0|EINECS 203-982-0|Epal 12|Exxal 12|Fatty alcohol|Fatty alcohol(C12)|FEMA No. 2617|Hainol 12SS|Hydroxydodecane|Kalcohl 2098|Kalcol 2098|Karukoru 20|Lauric alcohol|Laurinic alcohol|Lauroyl alcohol|Lauryl 24|Lauryl alcohol|Lipocol L|Lorol|Lorol 11|Lorol 5|Lorol 7|Lorol C 12/98|Lorol C12|Lorol C12-C14|Lorol C8-C10 special|Lorol special|n-Dodecan-1-ol|n-Dodecyl alcohol|n-Lauryl alcohol|n-Lauryl alcohol, primary|Nacol 12-96|NSC 3724|P.C. Code 001509|PC Code 001509|Philcohol 1200|Pisol|Sipol L12|Siponol 25|Siponol L 2|Siponol L 5|Siponol L5|Undecyl carbinol|UNII-178A96NLP2|1173838-88-4|1322-35-6|68855-55-0|8014-32-2|8032-08-4|8032-09-5|8032-10-8",https://comptox.epa.gov/dashboard/chemical/details/DTXSID5026918,,0
1164,skin_irritation_invivo_75,In Vivo,,,Tetradecanoic acid,544-63-8,DTXSID6021666,,,,Chemical,Human,,,,Four-hour Human Patch Test,Qualitative classification,Not classified,Unitless,Basketter et al. 2004; 15291823; 10.1111/j.0105-1873.2004.00385.x,CCCCCCCCCCCCCC(O)=O,Tetradecanoic acid,"544-63-8|Tetradecanoic acid|1-tetradecanecarboxylic acid|1-Tridecanecarboxylate|1-Tridecanecarboxylic acid|14|14:0|14:00|4-02-00-01126|Acide myristique|acide tetradecanoique|acido miristico, puro|BRN 0508624|C14|C14 fatty acid|CH3-[CH2]12-COOH|Crodacid|Edenor C 14|EINECS 208-875-2|FEMA No. 2764|Hydrofol acid 1495|Hystrene 9014|Kortacid 1499|Myristate|Myristic acid|Myristic acid pure|MYRISTINSAEURE|Myristinsaure|Myristoate|Myristoic acid|N-Tetradecan-1-oate|n-Tetradecan-1-oic acid|N-Tetradecanoate|n-Tetradecanoic acid|n-Tetradecoic acid|NSC 5028|Philacid 1400|Prifac 2942|Tetradecanoic (Myristic) acid|tetradecoic acid|UNII-0I3V7S25AW|Univol U 316S|45184-05-2",https://comptox.epa.gov/dashboard/chemical/details/DTXSID6021666,https://doi.org/10.22427/NTP-DATA-DTXSID6021666,0
1167,skin_irritation_invivo_60,In Vivo,,,n-Pentanol,71-41-0,DTXSID6021741,,,,Chemical,Human,,,,Four-hour Human Patch Test,Qualitative classification,Not classified,Unitless,Basketter et al. 2004; 15291823; 10.1111/j.0105-1873.2004.00385.x,CCCCCO,1-Pentanol,"71-41-0|1-Pentanol|1-pentol|1-Pentyl alcohol|4-01-00-01640|alcool amylique|Alcool amylique (french)|Alcool amylique [french]|AMYL ALCOHOL|Amyl alcohol (natural)|Amyl alcohol normal|amyl alcohol, normal|Amylalkohol|Amylol|BRN 1730975|Butyl carbinol|butylcarbinol|C5 alcohol|EINECS 200-752-1|FEMA No. 2056|FEMA Number 2056|N-AMYL ALCOHOL|n-Amylalkohol|N-Amylalkohol (czech)|N-Amylalkohol [czech]|n-Butyl carbinol|n-butylcarbinol|n-C5H11OH|n-Pentan-1-ol|n-Pentanol|n-Pentyl alcohol|N-Pentyl-alcohol|NSC 5707|Pentan-1-ol|pentane-1-ol|PENTANOL|Pentanol (van)|pentanol-1|Pentanols [UN1105] [Flammable liquid]|Pentasol|PENTYL ALCOHOL|Pentyl-alcohol|Pentylalkohol|Petan-1-ol|Primary amyl alcohol|Primary-N-amyl alcohol|UN 1105 (DOT)|UNII-M9L931X26Y",https://comptox.epa.gov/dashboard/chemical/details/DTXSID6021741,https://doi.org/10.22427/NTP-DATA-DTXSID6021741,0
1341,skin_irritation_invivo_29,In Vivo,,,Isopropanol,67-63-0,DTXSID7020762,,,,Chemical,Human,,,,Four-hour Human Patch Test,Qualitative classification,Not classified,Unitless,Basketter et al. 2004; 15291823; 10.1111/j.0105-1873.2004.00385.x,CC(C)O,Isopropanol,"67-63-0|Isopropanol|1-Methylethanol|1-Methylethyl alcohol|2-Hydroxypropane|2-Propanol|2-Propyl alcohol|200-661-7|4-01-00-01461|Alcojel|Alcool isopropilico|Alcool isopropylique|Alcosolve|Alcosolve 2|Alkolave|Arquad DMCB|Autosept|Avantin|Avantine|BRN 0635639|Caswell No. 507|Combi-Schutz|DIMETHYL CARBINOL|Dimethylcarbinol|EC No.: 200-661-7|EINECS 200-661-7|FEMA No. 2929|FEMA Number 2929|Hartosol|i-propanol|i-Propyl alcohol|i-Propylalkohol|Imsol A|IPA|iso-Propanol|iso-Propyl alcohol|Iso-propylalkohol|Isopranol|Isopropyl alcohol|Isopropyl Alcohol A.R. Propanol|Isopropyl alcohol manufacture|Isopropyl alcohol, rubbing|Isopropylalkohol|Lavaco|Lavacol|Lutosol|n-Propan-2-ol|NSC 135801|Petrohol|Propan-2-ol|propane-2-ol|sec-Propanol|sec-Propyl alcohol|Spectrar|Sterisol Hand Disinfectant|Takineocol|Tokuso IPA|UN 1219|UNII-ND2M416302|Virahol|8013-70-5",https://comptox.epa.gov/dashboard/chemical/details/DTXSID7020762,https://doi.org/10.22427/NTP-DATA-DTXSID7020762,0
1350,skin_irritation_invivo_53,In Vivo,,,Decanol,112-30-1,DTXSID7021946,,,,Chemical,Human,,,,Four-hour Human Patch Test,Qualitative classification,Not classified,Unitless,Basketter et al. 2004; 15291823; 10.1111/j.0105-1873.2004.00385.x,CCCCCCCCCCO,1-Decanol,"112-30-1|1-Decanol|1-Decanol (ACD/Name 4.0)|1-Hydroxydecane|4-01-00-01815|Agent 504|Alcohol C-10|ALCOHOL C-10 (1-DECANOL)|Alcohol C10|Alfol 10|Antak|BRN 1735221|C 10 alcohol|C10 alcohol|Capric alcohol|Caprinic alcohol|Caswell No. 275A|decan-1-ol|decane-1-ol|Decanol|Decanol (van)|Decanol-(1)|DECYL ALCOHOL|Decyl N- alcohol|DECYL, N- ALCOHOL|Decylic alcohol|EINECS 203-956-9|EPA Pesticide Chemical Code 079038|Epal 10|Fatty alcohol(C10)|FEMA No. 2365|FEMA Number 2365|Kalcohl 1098|Kalcohl 10H|Kalcol 1098|Lorol C10|n-decan-1-ol|n-Decanol|n-Decatyl alcohol|n-Decyl alcohol|n-Nonylcarbinol|Nacol 10-99|Nonyl acarbinol|Nonylcarbinol|NSC 406313|Panorama|Paranol|Primary decyl alcohol|Royaltac|Royaltac M-2|Royaltac-85|T-148|UNII-89V4LX791F",https://comptox.epa.gov/dashboard/chemical/details/DTXSID7021946,,0
1356,skin_irritation_invivo_43,In Vivo,,,Lactic acid,50-21-5,DTXSID7023192,,,,Chemical,Human,,,,Four-hour Human Patch Test,Qualitative classification,Irritant/Possible corrosive,Unitless,Basketter et al. 2004; 15291823; 10.1111/j.0105-1873.2004.00385.x,CC(O)C(O)=O,Lactic acid,"50-21-5|Lactic acid|(+/-)-Lactic acid|(RS)-2-Hydroxypropionsaeure|1-Hydroxyethanecarboxylic acid|2-Hydroxy-2-methylacetic acid|2-Hydroxypropanoic acid|2-Hydroxypropionic acid|Acide lactique|acido lactico|Acidum lacticum|Aethylidenmilchsaeure|alpha-Hydroxypropionic acid|BRN 5238667|Chem-Cast|Cheongin haejanghwan|Cheongin haewoohwan|Cheongin samrakhan|DL-Lactic Acid|DL-Milchsaeure|EINECS 200-018-0|EINECS 209-954-4|EPA Pesticide Chemical Code 128929|Ethylidenelactic acid|FEMA No. 2611|FEMA Number 2611|Kyselina 2-hydroxypropanova|Kyselina mlecna|Lactate|Lactic acid USP|Lacticum acidum|Lactovagan|MILCHSAEURE|Milchsaure|Milk acid|NSC 367919|Ordinary lactic acid|Propanoic acid, 2-hydroxy-|Propanoic acid,2-hydroxy-,(+-)-|Propionic acid, 2-hydroxy-|Purac FCC 80|Purac FCC 88|Racemic lactic acid|Tonsillosan|UNII-3B8D35Y7S4|a-Hydroxypropanoic acid|a-Hydroxypropionic acid|1334714-39-4|152-36-3|598-82-3",https://comptox.epa.gov/dashboard/chemical/details/DTXSID7023192,https://doi.org/10.22427/NTP-DATA-DTXSID7023192,1
1525,skin_irritation_invivo_52,In Vivo,,,1-Naphthalene acetic acid,86-87-3,DTXSID8020915,,,,Chemical,Human,,,,Four-hour Human Patch Test,Qualitative classification,Not classified,Unitless,Jirova et al. 2010; 20136894; 10.1111/j.1600-0536.2009.01640.x,OC(=O)CC1=C2C=CC=CC2=CC=C1,1-Naphthaleneacetic acid,86-87-3|1-Naphthaleneacetic acid|1-Naphthaleneacetic acid|1-NAPHTHALINESSIGSAEURE|1-Naphthtaleneacetic acid|1-Naphthylessigsaeure|1-Naphthylessigsaure|2-(1-Naphthyl)acetic acid|2-(alpha-Naphthyl)ethanoic aid|2-(Naphthalen-1-yl)acetic acid|2-(a-Naphthyl)ethanoic acid|acide 1-naphtylacetique|Acide naphthylacetique|Acide naphtyl-1-acetique|Acide naphtylacetique|acido 1-naftilacetico|Agronaa|alpha-NAA|alpha-naphthaleneacetic acid|alpha-Naphthylacetic acid|alpha-Naphthyleneacetic acid|alpha-Naphthylessigsaeure|Alphaspra|Appl-set|Caswell No. 589|Celmone|EINECS 201-705-8|EPA Pesticide Chemical Code 056002|Floramon|Fruit Fix|Fruitofix|Fruitone N|Hormofix|Klingtite|Kyselina 1-naftyloctova|Liqui-stik|NAA|Nafusaku|Naphthalen-1-ylacetic acid|naphthalene-1-acetic acid|Naphthaleneacetic acid|Naphthyl-1-essigsaeure|NAPHTHYLACETIC ACID|Naphyl-1-essigsaeure|Niagara-stik|NSC 15772|NU-Tone|Phyomone|Pimacol-sol|Planofix|Planofixe|Plucker|Pomoxon|Primacol|Regenasol|Rhizopon B|Rhodofix|Stafast|Stimolante 66f|Stop-Drop|Tip-Off|Transplantone|Tre-hold|UNII-33T7G775|267410-73-1|61913-11-9|69072-67-9,https://comptox.epa.gov/dashboard/chemical/details/DTXSID8020915,,0
1648,skin_irritation_invivo_69,In Vivo,,,Propylene glycol tertiary butyl ether,57018-52-7,DTXSID8025967,,,,Chemical,Human,,,,Four-hour Human Patch Test,Qualitative classification,Not classified,Unitless,Basketter et al. 2004; 15291823; 10.1111/j.0105-1873.2004.00385.x,CC(O)COC(C)(C)C,1-tert-Butoxy-2-propanol,"57018-52-7|1-tert-Butoxy-2-propanol|1-(1,1-Dimethylethoxy)-2-propanol|1-(1,1-Dimethylethoxy)propan-2-ol|1-Methyl-2-tert-butoxyethanol|1-tert-Butoxypropan-2-ol|1-tert-Butoxypropane-2-ol|2-Propanol, 1-(1,1-dimethylethoxy)-|Arcasolv PTB|Arcosolv PTB|BRN 1734501|PROPAN-2-OL, 1-(1,1-DIMETHYLETHOXY)-|Propylene glycol 1-(tert-butyl ether)|Propylene glycol mono-t-buthyl ether|Propylene glycol mono-t-butyl ether|Propylene glycol mono-tert-butyl ether|Propylene glycol t-butyl ether|UNII-03077MV85B|136579-67-4",https://comptox.epa.gov/dashboard/chemical/details/DTXSID8025967,https://doi.org/10.22427/NTP-DATA-DTXSID8025967,0
1650,skin_irritation_invivo_11,In Vivo,,,Geraniol,106-24-1,DTXSID8026727,,,,Chemical,Human,,,,Four-hour Human Patch Test,Qualitative classification,Not classified,Unitless,Basketter et al. 2004; 15291823; 10.1111/j.0105-1873.2004.00385.x,CC(C)=CCCC(C)=CCO,Geraniol,"106-24-1|Geraniol|(2E)-3,7-Dimethyl-2,6-octadien-1-ol|(2E)-3,7-dimethylocta-2,6-dien-1-ol|(E)-3,7-Dimethyl-2,6-octadien-1-ol|(E)-3,7-Dimethyl-2,6-octadienol|(E)-Geraniol|(E)-Nerol|2-trans-3,7-Dimethyl-2,6-octadien-1-ol|2-trans-3,7-Dimethyl-2,6-octadiene-1-ol|2,6-Octadien-1-ol, 3,7-dimethyl-,|2,6-Octadien-1-ol, 3,7-dimethyl-, (2E)-|2,6-Octadien-1-ol, 3,7-dimethyl-, (E)-|2,6-Octadien-1-ol, 3,7-dimethyl-, trans-|2,6-Octadien-1-ol, 3,7-dimetil-, (2E) -|2E-Geraniol|3,7-Dimethyl-(2E)-2,6-Octadien-1-ol|3,7-Dimethyl-(E)-2,6-Octadien-1-ol|3,7-DIMETHYL-2,6-OCTADIEN-1-OL|3,7-Dimethyl-2,6-octadien-1-ol, (E)-|3,7-Dimethyl-trans-2,6-octadien-1-ol|4-01-00-02277|b-Geraniol|beta-Geraniol|BRN 1722456|EINECS 203-377-1|EPA Pesticide Chemical Code 597501|FEMA 2507|FEMA No. 2507|Geraniol|Geraniol 60|Geraniol 980|Geraniol alcohol|Geraniol BJ|Geraniol Extra|Geranyl alcohol|Lemonol|MosquitoSafe|NSC 9279|t-geraniol|trans-1-Hydroxy-3,7-dimethyl-2,6-octadiene|trans-2,6-Dimethyl-2,6-octadien-8-ol|trans-3,7-Dimethyl-2,6-octadien-1-ol|Trans-3,7-dimethyl-2,6|491611-08-6|8007-13-4",https://comptox.epa.gov/dashboard/chemical/details/DTXSID8026727,,0
1752,skin_irritation_invivo_38,In Vivo,,,Butyl benzoate,136-60-7,DTXSID8040694,,,,Chemical,Human,,,,Four-hour Human Patch Test,Qualitative classification,Not classified,Unitless,Basketter et al. 2004; 15291823; 10.1111/j.0105-1873.2004.00385.x,CCCCOC(=O)C1=CC=CC=C1,Butyl benzoate,"136-60-7|Butyl benzoate|4-09-00-00290|Anthrapole AZ|Benzoate de butyle|BENZOATE, BUTYL|benzoato de butilo|BENZOESAEURE-BUTYLESTER|Benzoic acid n-butyl ester|Benzoic acid, butyl ester|BENZOIC ACID, BUTYLESTER|BRN 1867073|Butylbenzoat|BUTYLBENZOATE|Butylester kyseliny benzoove|Chemcryl C 101N|Dai Cari XBN|EINECS 205-252-7|IP Carrier N 20|N-BUTYL BENZOATE|NSC 8474|UNII-1TGZ0D0O8I",https://comptox.epa.gov/dashboard/chemical/details/DTXSID8040694,,0
1758,skin_irritation_invivo_30,In Vivo,,,"2-Isopropyl-2-isobutyl-1,3-dime- thoxypropane",129228-21-3,DTXSID80456581,,,,Chemical,Human,,,,Four-hour Human Patch Test,Qualitative classification,Not classified/Possible irritant,Unitless,Jirova et al. 2010; 20136894; 10.1111/j.1600-0536.2009.01640.x,COCC(COC)(CC(C)C)C(C)C,"Hexane, 3,3-bis(methoxymethyl)-2,5-dimethyl-","129228-21-3|Hexane, 3,3-bis(methoxymethyl)-2,5-dimethyl-",https://comptox.epa.gov/dashboard/chemical/details/DTXSID80456581,,1
1765,skin_irritation_invivo_72,In Vivo,,,1-(Spiro[4.5]dec-7-en-7-yl)pent-4- en-1-one (mixture of isomers),224031-70-3,DTXSID80870263,,,,Chemical,Human,,,,Four-hour Human Patch Test,Qualitative classification,Not classified,Unitless,Jirova et al. 2010; 20136894; 10.1111/j.1600-0536.2009.01640.x,C=CCCC(=O)C1=CCCC2(CCCC2)C1,1-Spiro[4.5]dec-7-en-7-yl-4-penten-1-one,"224031-70-3|1-Spiro[4.5]dec-7-en-7-yl-4-penten-1-one|4-Penten-1-one, 1-spiro[4.5]dec-7-en-7-yl-",https://comptox.epa.gov/dashboard/chemical/details/DTXSID80870263,,0
1771,skin_irritation_invivo_2,In Vivo,,,"3,4-Dimethyl-1H-pyrazole",2820-37-3,DTXSID90182465,,,,Chemical,Human,,,,Four-hour Human Patch Test,Qualitative classification,Not classified/Possible irritant,Unitless,Jirova et al. 2010; 20136894; 10.1111/j.1600-0536.2009.01640.x,CC1=CNN=C1C,"3,4-Dimethyl-1H-pyrazole","2820-37-3|3,4-Dimethyl-1H-pyrazole|1H-Pyrazole, 3,4-dimethyl-|3,4-dimethyl-1H-pyrazole|3,4-Dimethylpyrazole|4,5-Dimethylpyrazole|429-130-1|DMP|EC No.: 429-130-1|EEC No.: 429-130-1|ELINCS No.: 429-130-1|Pyrazole, 3,4-dimethyl-|Pyrazole, 3,4(or 4,5)-dimethyl-",https://comptox.epa.gov/dashboard/chemical/details/DTXSID90182465,,1
1849,skin_irritation_invivo_77,In Vivo,,,Triethanolamine,102-71-6,DTXSID9021392,,,,Chemical,Human,,,,Four-hour Human Patch Test,Qualitative classification,Not classified,Unitless,Basketter et al. 2004; 15291823; 10.1111/j.0105-1873.2004.00385.x,OCCN(CCO)CCO,Triethanolamine,"102-71-6|Triethanolamine|2-(bis(2-hydroxyethyl)amino)ethanol|2-[Bis(2-hydroxyethyl)amino]ethanol|2,2',2''-Nitrilotriethanol|2,2',2''-nitrilotris(ethanol)|2,2',2''-Nitrilotris[ethanol]|2,2',2''-Nitrilotrisethanol|2,2',2""-NITRILOTRETHANOL|2,2',2""-Nitrilotriethanol|2,2',2""-NITRILOTRIS(ETHANOL)|Alkanolamine 244|Biafine|Caswell No. 886|Daltogen|EINECS 203-049-8|EPA Pesticide Chemical Code 004208|Ethanol, 2,2',2''-nitrilotri-|Ethanol, 2,2',2''-nitrilotris-|Ethanol, 2,2'2''-nitrilotris-|H3tea|N(CH2CH2OH)3|nitrilo-2,2',2''-triethanol|Nitrilotriethanol|NSC 36718|Sterolamide|Sting-Kill|TEA|Thiofaco T-35|TRI(2-HYDROETHYL)AMINE|Tri(hydroxyethyl)amine|TRIAETHANOLAMIN|Triethanolamin|Triethylamine, 2,2',2''-trihydroxy-|Triethylolamine|Trihydroxytriethylamine|tris-(2-Hydroxyethyl)amine|Tris(2-hydroxyethyl)amine|Tris(beta-hydroxyethyl)amine|Tris(b-hydroxyethyl)amine|Trolamine|UNII-9O3K93S3TK|105655-27-4|126068-67-5|1429745-86-7|36549-53-8|36549-54-9|36549-55-0|36659-79-7|464917-26-8",https://comptox.epa.gov/dashboard/chemical/details/DTXSID9021392,https://doi.org/10.22427/NTP-DATA-DTXSID9021392,0
1851,skin_irritation_invivo_46,In Vivo,,,Decanoic acid,334-48-5,DTXSID9021554,,,,Chemical,Human,,,,Four-hour Human Patch Test,Qualitative classification,Irritant,Unitless,Basketter et al. 2004; 15291823; 10.1111/j.0105-1873.2004.00385.x,CCCCCCCCCC(O)=O,Decanoic acid,334-48-5|Decanoic acid|1-Nonanecarboxylate|1-Nonanecarboxylic acid|10:0|4-02-00-01041|Acide decanoique|acido decanoico|BRN 1754556|C10 fatty acid|C10:0|Caprate|Capric acid|Caprinate|Caprinic acid|CAPRINSAEURE|Caprynate|Caprynic acid|CH3-[CH2]8-COOH|Decanoate|Decansaure|Decoate|Decoic acid|Decylate|Decylic acid|Dekansaeure|Econosan Acid Sanitizer|EINECS 206-376-4|Emery 659|EPA Pesticide Chemical Code 128955|Fatty acid(C10)|FEMA No. 2364|Hexacid 1095|Kaprinsaeure|Lunac 10-95|Lunac 10-98|N-Caprate|n-Capric acid|N-Decanoate|n-Decanoic acid|N-Decoate|n-Decoic acid|N-Decylate|n-Decylic acid|NSC 5025|Prifac 2906|Prifac 296|UNII-4G9EDB6V73,https://comptox.epa.gov/dashboard/chemical/details/DTXSID9021554,https://doi.org/10.22427/NTP-DATA-DTXSID9021554,1
1857,skin_irritation_invivo_76,In Vivo,,,Tetradecanol,112-72-1,DTXSID9026926,,,,Chemical,Human,,,,Four-hour Human Patch Test,Qualitative classification,Not classified,Unitless,Basketter et al. 2004; 15291823; 10.1111/j.0105-1873.2004.00385.x,CCCCCCCCCCCCCCO,1-Tetradecanol,112-72-1|1-Tetradecanol|1-Hydroxytetradecane|1-Tetradecyl alcohol|204-000-3|4-01-00-01864|Adol 18|Alcohol(C14)|Alfol 14|BRN 1742652|C14 alcohol|Conol 1495|EC No.: 204-000-3|EINECS 204-000-3|Fatty alcohol(C14)|Hainol 14SS|Hinol 14SS|Kalcohl 40|Kalcohl 4098|Kalcol 4098|Kolliwax MA|Lanette 14|Lanette K|Lanette Wax KS|Lorol C 14|Loxanol V|Myristic alcohol|Myristyl alcohol|n-Tetradecan-1-ol|n-Tetradecanol|n-Tetradecanol-1|n-Tetradecyl alcohol|Nacol 14-95|Nacol 14-98|Nafol 14|NSC 8549|P.C. Code 001510|PC Code 001510|Speziol C 14 Pharma|TETRADECAN-1-OL|Tetradecyl alcohol|UNII-V42034O9PU|150138-88-8|8032-14-2,https://comptox.epa.gov/dashboard/chemical/details/DTXSID9026926,,0
1859,skin_irritation_invivo_8,In Vivo,,,Ethylenediamine tetraacetic acid disodium salt,139-33-3,DTXSID9027073,,,,Chemical,Human,,,,Four-hour Human Patch Test,Qualitative classification,Not classified,Unitless,Basketter et al. 2004; 15291823; 10.1111/j.0105-1873.2004.00385.x,[Na+].[Na+].OC(=O)CN(CCN(CC(O)=O)CC([O-])=O)CC([O-])=O,"Ethylenediaminetetraacetic acid, disodium salt","139-33-3|Ethylenediaminetetraacetic acid, disodium salt|(Ethylenedinitrilo)-tetraacetic acid disodium salt|(ethylenedinitrilo)tetraacetic acid disodium salt|Acetic acid, (ethylenedinitrilo)tetra-, disodium salt|AETHYLENDIAMIN-TETRAESSIGSAEURE-DI-NA-SALZ|CBC 50152966|Cheladrate|Chelaplex|Chelaplex III|Chelaton III|Chelest 200|Chelest 2BS|Chelest B|Clewat N|Complexon III|dihidrogenoetilendiaminotetraacetato de disodio|dihydrogenoethylenediaminetetraacetate de disodium|Dinatrium ethylendiamintetraacetat|Dinatriumdihydrogenethylendiamintetraacetat|Diso-Tate|Disodium (ethylenedinitrilo)tetraacetate|Disodium (ethylenedinitrilo)tetraacetic acid|Disodium diacid ethylenediaminetetraacetate|disodium dihydrogen ethylenediaminetetraacetate|Disodium dihydrogen(ethylenedinitrilo)tetraacetate|Disodium edathamil|Disodium edetate|disodium edetate (anh.)|disodium edetate (anhydrous)|Disodium EDTA|disodium EDTA (anh.)|disodium EDTA (anhydrous)|Disodium edta, anhydrous|Disodium ethylenediamine tetraacetate|Disodium ethylenediamine-N,N,N',N'-tetraacetate|DISODIUM ETHYLENEDIAMINETETRAA|104244-09-9|1236140-51-4|1892-64-4|37341-71-2|42615-28-1|69772-70-9",https://comptox.epa.gov/dashboard/chemical/details/DTXSID9027073,,0
1861,skin_irritation_invivo_39,In Vivo,,,Isopropyl palmitate,142-91-6,DTXSID9027104,,,,Chemical,Human,,,,Four-hour Human Patch Test,Qualitative classification,Not classified,Unitless,Basketter et al. 2004; 15291823; 10.1111/j.0105-1873.2004.00385.x,CCCCCCCCCCCCCCCC(=O)OC(C)C,"Hexadecanoic acid, 1-methylethyl ester","142-91-6|Hexadecanoic acid, 1-methylethyl ester|1-Methylethyl ester1-methylethyl hexandecanoate|1-Methylethyl hexadecanoate|2-Propyl hexadecanoate|4-02-00-01167|BRN 1786567|Crodamol IPP|Deltyl|Deltyl Prime|EINECS 205-571-1|Emcol IP|Emcol-ip|Emerest 2316|Estol 103|Exceparl IPP|Hexadecanoic acid 1-methylethyl ester|Hexadecanoic acid isopropyl ester|Hexadecanoic acid, 1-methyethyl ester|Hexadecanoic acid, isopropyl ester|Hexadecanoic acidisopropyl N-hexadecanoate|ISO-PROPYL PALMITATE|Isopal|Isopalm|Isopropyl ester of hexadecanoic acid|Isopropyl hexadecanoate|isopropyl n-hexadecanoate|isopropyl palmitate|Isopropyl palmitate (NF)|Isopropylpalmitat|Ja-fa ipp|Ja-fa ippkessco|Kessco IPP|Kessco isopropyl palmitate|Lexol IPP|Liponate ipp|Neoderm IPP|Nikkol IPP|NSC 69169|Palmitate d'isopropyle|PALMITATE, ISOPROPYL|palmitato de isopropilo|Palmitic acid esters|palmitic acid isopropyl ester|Palmitic acid, isopropyl ester|PALMITINSAEURE-ISOPROPYLESTER|Palmsurf IPP 98|Plymouth IPP|Propal|Sinnoester PIT|Starfol ipp|Stepan D 70|Stepan D-70|Stepan IPP|Tegester isopalm|Tegoso",https://comptox.epa.gov/dashboard/chemical/details/DTXSID9027104,,0
81,skin_irritation_invivo_84,In Vivo,,,"1,2-Propylene glycol",57-55-6,DTXSID0021206,,,,Chemical,Human,,,,Four-hour Human Patch Test,Positive reaction,6.25,%,Basketter et al. 2004; 15291823; 10.1111/j.0105-1873.2004.00385.x,CC(O)CO,"1,2-Propylene glycol","57-55-6|1,2-Propylene glycol|(.+-.)-1,2-Propanediol|(.+-.)-Propylene glycol|(+-)-1,2-Propanediol|(+-)-Propylene glycol|(+/-) 1,2-Propanediol|(RS)-1,2-Propanediol|1,2-(RS)-Propanediol|1,2-DIHYDROXYPROPANE|1,2-PROPANDIOL|1,2-Propanediol|1,2-PROPYLENEGLYCOL|1,2-Propylenglykol|2-Hydroxypropanol|2,3-Propanediol|3-01-00-02142|a-Propylene glycol|Adeka PG|Adeka Propylene Glycol PG-P|Aliphatic alcohol|All purpose lubricant|alpha-Propylene glycol|alpha-propyleneglycol|BRN 1340498|Caswell No. 713|CH3CH(OH)CH2OH|Chilisa FE|DL-1,2-Propanediol|dl-Propylene glycol|Dowfrost|EINECS 200-338-0|EPA Pesticide Chemical Code 068603|FEMA No. 2940|General lube|Glycol|HOCH2CH(OH)CH3|HOCH2CH(OH)Me|Ilexan P|Inhibited 1,2-propylene glycol|Isopropylene glycol|MeCH(OH)CH2OH|Methyl ethylene glycol|methyl glycol|Methylethyl glycol|Methylethylene glycol|MONO PROPYLENE GLYCOL|Monopropylene glycol|NSC 69860|POLYESTER OF 1,2-PROPANEDIOL|PPD|Prolugen|Propan-1,2-diol|Propane-1,2-diol|Propanediol|propano-1,2-diol|PROPYLENE GLYCOL|Propylene glycol usp|PROPYLENE, GLYCOL|Propylen|1194046-20-2|190913-75-8|4254-16-4|63625-56-9",https://comptox.epa.gov/dashboard/chemical/details/DTXSID0021206,https://doi.org/10.22427/NTP-DATA-DTXSID0021206,1
131,skin_irritation_invivo_33,In Vivo,,,Isopropyl tetradecanoate,110-27-0,DTXSID0026838,,,,Chemical,Human,,,,Four-hour Human Patch Test,Positive reaction,3.3,%,Basketter et al. 2004; 15291823; 10.1111/j.0105-1873.2004.00385.x,CCCCCCCCCCCCCC(=O)OC(C)C,Isopropyl tetradecanoate,"110-27-0|Isopropyl tetradecanoate|1-Methylethyl tetradecanoate|1-Tridecanecarboxylic acid, isopropyl ester|203-751-4|Bisomel|BRN 1781127|Caswell No. 511E|Crodacol IPM|Crodamol 1PM|Crodamol I.P.M.|Crodamol IPM|D 50|D 50 (emollient)|Deltyl Extra|Deltylextra|EC No.: 203-751-4|EINECS 203-751-4|Emcol IM|Emcol-IM|Emerest 2314|EPA Pesticide Chemical Code 000207|Estergel|Estergel (TN)|Estol 1512|Estol 1514|Estol IPM 1512|Exceparl IPM|Exceparl IPML|FEMA 3556|FEMA No. 3556|IPM|IPM 100|IPM-EX|IPM-R|Iso-propyl N-tetradecanoate|Isomyst|isopropyl myristate|Isopropyl myristate-PM|Isopropyl tetradecanoic acid|Isopropylmyristat|JA-FA IPM|Kessco IPM|Kessco isopropyl myristate|Kesscomir|Kollicream IPM|Lexol IPM|Liponate IPM|Matlube IPM-S|Methylethyl tetradecanoate|miristato de isopropilo|Myristate d'isopropyle|MYRISTATE, ISOPROPYL|Myristic acid isopropyl ester|Myristic acid, isopropyl ester|MYRISTINSAEURE-ISOPROPYLESTER|Nikkol IPM|Nikkol IPM 100|Nikkol IPM-EX|NSC 406280|Pastell IP 14|Pelemol IPM|Plymoutm IPM|Promyr|Propan-2-yl tetradecanoate|Radia 7190|Radia 77|1405-98-7|852553-53-8",https://comptox.epa.gov/dashboard/chemical/details/DTXSID0026838,,1
133,skin_irritation_invivo_67,In Vivo,,,Dipropylene glycol,25265-71-8,DTXSID0027856,,,,Chemical,Human,,,,Four-hour Human Patch Test,Positive reaction,0,%,Jirova et al. 2010; 20136894; 10.1111/j.1600-0536.2009.01640.x,"C*.C*.OCCOCCO |lp:4:2,7:2,10:2,m:1:5.6,3:8.9|",Dipropylene glycol,"25265-71-8|Dipropylene glycol|1,1'-Oxybis(2-propanol)|4-Oxa-2,6-heptandiol|ADK DPG-RF|Caswell No. 399E|DIPROPYLENEGLYCOL|DIPROPYLENGLYKOL|Dowanol DPG|EINECS 246-770-3|EPA Pesticide Chemical Code 068604|oxidipropanol|Oxybispropanol|Oxydipropanol|Propanol, oxybis-|UNII-E107L85C40|25322-23-0|27941-90-8|27941-91-9|28678-26-4|30370-61-7|75047-14-2|78644-49-2",https://comptox.epa.gov/dashboard/chemical/details/DTXSID0027856,https://doi.org/10.22427/NTP-DATA-DTXSID0027856,0
228,skin_irritation_invivo_51,In Vivo,,,4-(Methylthio)benzaldehyde,3446-89-7,DTXSID0033047,,,,Chemical,Human,,,,Four-hour Human Patch Test,Positive reaction,0,%,Jirova et al. 2010; 20136894; 10.1111/j.1600-0536.2009.01640.x,CSC1=CC=C(C=O)C=C1,4-(Methylthio)benzaldehyde,"3446-89-7|4-(Methylthio)benzaldehyde|Benzaldehyde, 4-(methylthio)-|EINECS 222-365-7|942039-57-8",https://comptox.epa.gov/dashboard/chemical/details/DTXSID0033047,,0
281,skin_irritation_invivo_27,In Vivo,,,"Methyl 2-((7-hydroxy-3,7-dimethyloctylidene)amino)benzoate",89-43-0,DTXSID0044579,,,,Chemical,Human,,,,Four-hour Human Patch Test,Positive reaction,0,%,Jirova et al. 2010; 20136894; 10.1111/j.1600-0536.2009.01640.x,COC(=O)C1=C(C=CC=C1)N=CCC(C)CCCC(C)(C)O,"Methyl 2-((7-hydroxy-3,7-dimethyloctylidene)amino)benzoate","89-43-0|Methyl 2-((7-hydroxy-3,7-dimethyloctylidene)amino)benzoate|201-908-1|Anthranilic acid, N-(7-hydroxy-3,7-dimethyloctylidene)-, methyl ester|Aurantine|Aurantiol|Aurantion|Aurantium|Benzoic acid, 2-[(7-hydroxy-3,7-dimethyloctylidene)amino]-, methyl ester|EC No.: 201-908-1|EINECS 201-908-1|Hydroxycitronellal / methyl anthranilate|Hydroxycitronellal methyl anthranilate|Hydroxycitronellylidene methyl anthranilate|Methyl 2-[(7-hydroxy-3,7-dimethyloctylidene)amino]benzoate|Methyl N-3,7-dimethyl-7-hydroxyoctylideneanthranilate|NSC 78483|61792-01-6",https://comptox.epa.gov/dashboard/chemical/details/DTXSID0044579,,0
283,skin_irritation_invivo_47,In Vivo,,,Methyl hexanoate,106-70-7,DTXSID0047616,,,,Chemical,Human,,,,Four-hour Human Patch Test,Positive reaction,0,%,Basketter et al. 2004; 15291823; 10.1111/j.0105-1873.2004.00385.x,CCCCCC(=O)OC,Methyl hexanoate,"106-70-7|Methyl hexanoate|BRN 1744683|Caproic acid methyl ester|Caproic acid, methyl ester|EINECS 203-425-1|FEMA 2708|FEMA No. 2708|Hexanoate de methyle|HEXANOATE, METHYL|hexanoato de metilo|Hexanoic acid methyl ester|Hexanoic acid, methyl ester|Hexanoic acid,methyl ester|Methyl caproate|Methyl capronate|Methyl ester of hexanoic acid|Methyl hexoate|Methyl hexylate|Methyl n-hexanoate|Methyl N-hexoate|Methylhexanoat|N-Caproic acid methyl ester|NSC 5023|UNII-246364VPJS",https://comptox.epa.gov/dashboard/chemical/details/DTXSID0047616,,0
306,skin_irritation_invivo_41,In Vivo,,,"Benzene, 1-(1-methylethyl)-2-(1-phenylethyl)-",191044-60-7,DTXSID00889094,,,,Chemical,Human,,,,Four-hour Human Patch Test,Positive reaction,0,%,Jirova et al. 2010; 20136894; 10.1111/j.1600-0536.2009.01640.x,CC(C)C1=CC=CC=C1C(C)C1=CC=CC=C1,"Benzene, 1-(1-methylethyl)-2-(1-phenylethyl)-","191044-60-7|Benzene, 1-(1-methylethyl)-2-(1-phenylethyl)-",https://comptox.epa.gov/dashboard/chemical/details/DTXSID00889094,,0
411,skin_irritation_invivo_88,In Vivo,,,Sodium dodecyl sulfate,151-21-3,DTXSID1026031,,,,Chemical,Human,,,,Four-hour Human Patch Test,Positive reaction,83.1,%,Basketter et al. 2004; 15291823; 10.1111/j.0105-1873.2004.00385.x,[Na+].CCCCCCCCCCCCOS([O-])(=O)=O,Sodium dodecyl sulfate,"151-21-3|Sodium dodecyl sulfate|1-Dodecanol,hydrogen sulfate,sodium salt|Adeka Hope LS 35|Adeka Hope LS 90|Akyposal NLS|Akyposal SDS|Alscoap LN 40A|Alscoap LN 90|Alscoap LN-140|Alscoap MP 90N|Alscoap SP 40|Alscoap-LN 90P|Anticerumen|Aquarex Me|Aquarex methyl|Avirol SL 2010|Bio-Soft SDBS 60|Calfoam ES 303|Calfoam SLS 30|Carsonol SLS|Carsonol SLS Paste B|Carsonol SLS Special|Carsonol SLS-S|Caswell No. 779|Colonial SLS|Conco sulfate WA|Conco sulfate WA-1200|Conco sulfate WA-1245|Conco Sulfate WAG|Conco Sulfate WAN|Conco Sulfate WAS|Conco sulfate WN|Cycloryl 21|Cycloryl 21LS|Cycloryl 31|Cycloryl 580|Cycloryl 585N|Dehydag Sulfate GL|Dehydag sulfate GL emulsion|Dehydag sulphate GL emulsion|Dehydrag sulfate gl emulsion|Dermacide|Detergent 66|Dodecyl alcohol, hydrogen sulfate, sodium salt|DODECYL HYDROGEN SULFATE SODIUM SALT|DODECYL HYDROGENSULFATE SODIUM SALT|Dodecyl sodium sulfate|Dodecyl sulfate sodium|DODECYL SULFATE SODIUM SALT|DODECYL SULFATE, SODIUM|Dodecyl sulfate, sodium salt|Dupanol WAQ|Duponal|Duponal WAQE|Duponol|Duponol C|Duponol ME|Du|1000201-72-8|1000201-73-9|111726-87-5|121481-64-9|12738-53-3|12765-21-8|129203-37-8|1334-67-4|1335-72-4|145269-44-9|152155-52-7|156108-01-9|172826-72-1|1883428-81-6|191490-40-1|210297-21-5|2326507-32-6|237743-45-2|303179-49-9|39384-36-6|51222-39-0|57176-54-2|58640-35-0|61711-39-5|64441-33-4|74433-77-5|8012-56-4|8048-56-4|877454-24-5|952055-37-7|952092-90-9",https://comptox.epa.gov/dashboard/chemical/details/DTXSID1026031,https://doi.org/10.22427/NTP-DATA-DTXSID1026031,1
424,skin_irritation_invivo_87,In Vivo,,,Carbonic acid sodium salt (1:2),497-19-8,DTXSID1029621,,,,Chemical,Human,,,,Four-hour Human Patch Test,Positive reaction,0,%,Basketter et al. 2004; 15291823; 10.1111/j.0105-1873.2004.00385.x,[Na+].[Na+].[O-]C([O-])=O,Carbonic acid sodium salt (1:2),"497-19-8|Carbonic acid sodium salt (1:2)|Bisodium carbonate|Calcined soda|Carbonate de sodium|carbonato de sodio|Carbonic acid disodium salt|Carbonic acid sodium salt|Carbonic acid sodium salt (1:2)|Caswell N0 752|Dense Ash|Disodium carbonate|Disodium carbonate (Na2CO3)|Dynamar 5251Q|Dynamar L 13890|Dynamar RC 5251Q|EINECS 207-838-8|EPA Pesticide Chemical Code 073506|Light Ash|Lime ash|Na-X|Na2CO3|Natrium Carbonicum Calcinatum|Natrium Carbonicum Siccatum|NSC 156204|Snowlite 1|Snowlite I|Soda|Soda ash|Soda Ash Dense|Soda Ash Light|Soda Light|Soda, calcined|Sodium carbonate|Sodium carbonate (2:1)|Sodium carbonate (Na2(CO3))|Sodium carbonate, anhydrous|Suprapur 6395|UNII-45P3261C7T|V Soda|Washing soda|1314087-39-2|1332-57-6|1977561-09-3|7542-12-3",https://comptox.epa.gov/dashboard/chemical/details/DTXSID1029621,,0
534,skin_irritation_invivo_5,In Vivo,,,Dimethyl sulfoxide,67-68-5,DTXSID2021735,,,,Chemical,Human,,,,Four-hour Human Patch Test,Positive reaction,100,%,Basketter et al. 2004; 15291823; 10.1111/j.0105-1873.2004.00385.x,CS(C)=O,Dimethyl sulfoxide,"67-68-5|Dimethyl sulfoxide|(CH3)2SO|(methylsulfinyl)methane|Caswell No. 381|Demasorb|Demavet|Demsodrox|Dimethyl sulfoxixde|dimethyl sulfur oxide|Dimethyl Sulphoxide|Dimethyl sulpoxide|Dimethyli sulfoxidum|Dimethylsulfoxid|DIMETHYLSULFOXIDE|Dimethylsulfoxyde|dimetil sulfoxido|Dimetilsolfossido|Dimexide|Dimexidum|Dipirartril-tropico|DMSO|Dolicur|Doligur|Dromisol|Durasorb|EINECS 200-664-3|EPA Pesticide Chemical Code 000177|Infiltrina|Methane, 1,1'-sulfinylbis-|Methane, sulfinylbis-|methanesulfinylmethane|Methyl sulfoxide|Methyl sulphoxide|Methylsulfinylmethane|NSC 763|NSC-763|S(O)Me2|Sclerosol|Somipront|sulfinylbis(methane)|Sulfinylbismethane|SULFOXIDE, DIMETHYL|Syntexan|UNII-YOW8V9698H|164071-41-4|705301-21-9|8070-53-9",https://comptox.epa.gov/dashboard/chemical/details/DTXSID2021735,https://doi.org/10.22427/NTP-DATA-DTXSID2021735,1
540,skin_irritation_invivo_64,In Vivo,,,Dipropyl disulfide,629-19-6,DTXSID2022096,,,,Chemical,Human,,,,Four-hour Human Patch Test,Positive reaction,20,%,Jirova et al. 2010; 20136894; 10.1111/j.1600-0536.2009.01640.x,CCCSSCCC,Dipropyl disulfide,"629-19-6|Dipropyl disulfide|4,5-Dithiaoctane|Di-n-propyl disulfide|Disulfide, dipropyl|EINECS 211-079-8|FEMA 3228|FEMA No. 3228|NSC 75122|Propyl disulfide|Propyldithiopropane|UNII-I7K169J70F",https://comptox.epa.gov/dashboard/chemical/details/DTXSID2022096,,1
542,skin_irritation_invivo_79,In Vivo,,,Tromethamine,77-86-1,DTXSID2023723,,,,Chemical,Human,,,,Four-hour Human Patch Test,Positive reaction,6.2,%,Basketter et al. 2004; 15291823; 10.1111/j.0105-1873.2004.00385.x,NC(CO)(CO)CO,Tromethamine,"77-86-1|Tromethamine|[2-Hydroxy-1,1-bis(hydroxymethyl)ethyl]amine|1,1,1-tris(hydroxymethyl)methanamine|1,3-Propanediol, 2-amino-2-(hydroxymethyl)-|2-(Hydroxymethyl)-2-amino-1,3-propanediol|2-Amino-1,3-dihydroxy-2-(hydroxymethyl)propane|2-AMINO-2-(HYDROXYMETHYL)-1,3-PROPANDIOL|2-Amino-2-(hydroxymethyl)-1,3-propanediol|2-Amino-2-(hydroxymethyl)propane-1,3-diol|2-Amino-2-hydroxymethyl-1, 3-propanediol|2-amino-2-hydroxymethyl-1,3-propanediol|2-Amino-2-hydroxymethylpropan-1,3-diol|2-Amino-2-methylol-1,3-propanediol|Addex-Tham|Aminotri(hydroxymethyl)methane|Aminotrimethylolmethane|Aminotris(hydroxymethyl)methane|Apiroserum Tham|Caswell No. 036|EINECS 201-064-4|EPA Pesticide Chemical Code 083901|Methanamine, 1,1,1-tris(hydroxymethyl)-|Methylamine, 1,1,1-tris(hydroxymethyl)-|NSC 103026|NSC 6365|NSC 65434|Pehanorm|PROPANE-1,3-DIOL, 2-AMINO-2-(HYDROXYMETHYL)-|Talatrol|THAM|Tri Amino|Tri(hydroxymethyl)methylamine|Trigmo base|TRIHYDROXYMETHYLAMINOMETHANE|Triladyl|Trimethylolaminomethane|TRIS|Tris Amino|Tris Amino Crystal|Tris base|TRIS BUFFE|108195-86-4|1158650-64-6|119320-15-9|25149-07-9|68755-45-3|83147-39-1|857365-23-2",https://comptox.epa.gov/dashboard/chemical/details/DTXSID2023723,,1
546,skin_irritation_invivo_74,In Vivo,,,alpha-Terpinyl acetate,80-26-2,DTXSID2026496,,,,Chemical,Human,,,,Four-hour Human Patch Test,Positive reaction,0,%,Jirova et al. 2010; 20136894; 10.1111/j.1600-0536.2009.01640.x,CC(=O)OC(C)(C)C1CCC(C)=CC1,alpha-Terpinyl acetate,"80-26-2|alpha-Terpinyl acetate|(.+-.)-a-Terpineol acetate|(.+-.)-a-Terpinyl acetate|2-(4-Methyl-3-cyclohexen-1-yl)-2-propyl acetate|3-Cyclohexene-1-methanol, .alpha.,.alpha.,4-trimethyl-, 1-acetate|3-Cyclohexene-1-methanol, .alpha.,.alpha.,4-trimethyl-, acetate|3-Cyclohexene-1-methanol, alpha,alpha,4-trimethyl-, 1-acetate|3-Cyclohexene-1-methanol, a,a,4-trimethyl-, 1-acetate|3-Cyclohexene-1-methanol, a,a,4-trimethyl-, acetate|4-06-00-00253|a-Terpineol acetate|Acetate de p-menth-1-en-8-yle|acetate de p-menth-1-ene-8-yle|ACETATE, a, a, 4-TRIMETHYL-CYCLOHEX-3-ENE-1-METHYL|acetato de p-ment-1-en-8-ilo|alpha-Terpineol, acetate|alpha,alpha,4-Trimethyl-3-cyclohexene-1-methyl acetate|BRN 3198769|EINECS 201-265-7|EINECS 234-183-5|FEMA 3047|FEMA No. 3047|p-Menth-1-en-8-ol, acetate|p-menth-1-en-8-yl acetate|p-Menth-1-en-8-ylacetat|TERPINYL ACETATE|UNII-9RXE0I9F2J|a-Terpineol acetate|a-Terpinyl acetate|a,a,4-trimethyl-3-cyclohexene-1-methanol acetate|104806-93-1|10581-37-0|21090-64-2",https://comptox.epa.gov/dashboard/chemical/details/DTXSID2026496,,0
751,skin_irritation_invivo_71,In Vivo,,,Sodium xylenesulfonate,1300-72-7,DTXSID3026302,,,,Chemical,Human,,,,Four-hour Human Patch Test,Positive reaction,0,%,Basketter et al. 2004; 15291823; 10.1111/j.0105-1873.2004.00385.x,"C*.C*.OS(=O)(=O)C1=CC=CC=C1 |c:8,10,t:6,lp:4:2,6:2,7:2,m:1:9.10,3:10.11.12.13|",Sodium xylenesulfonate,"1300-72-7|Sodium xylenesulfonate|Benzenesulfonic acid, dimethyl-, sodium salt|Benzenesulfonic acid, dimethyl-, sodium salt (1:1)|Caswell No. 799A|Conco SXS|Cyclophil SXS 30|Cyclophil sxs30|Dimethylbenzenesulfonic acid sodium salt|EINECS 215-090-9|Eltesol SX 30|Eltesol SX 93|EPA Pesticide Chemical Code 079019|Hydrotrope|Kemmat SN 18|Natriumxylolsulfonat|Naxonate|Naxonate 4L|Naxonate G|Naxonate SX|NCI-C55403|Richonate SXS|Sodium dimethylbenzenesulfonate|Sodium xylene sulfonate|sodium xylenesulphonate|Stepanate SXS|Stepanate X|Surco SXS|Ultrawet 40SX|UNII-G4LZF950UR|Witconate SXS|xilensulfonato de sodio|Xylenesulfonate de sodium|XYLENESULFONATE, SODIUM|Xylenesulfonic acid, sodium salt|39340-93-7",https://comptox.epa.gov/dashboard/chemical/details/DTXSID3026302,https://doi.org/10.22427/NTP-DATA-DTXSID3026302,0
757,skin_irritation_invivo_66,In Vivo,,,"Carbonic acid disodium salt, compd. with hydrogen peroxide (H2O2) (2:3)",15630-89-4,DTXSID3029736,,,,Chemical,Human,,,,Four-hour Human Patch Test,Positive reaction,3.8,%,Basketter et al. 2004; 15291823; 10.1111/j.0105-1873.2004.00385.x,[Na+].[Na+].[Na+].[Na+].OO.OO.OO.[O-]C([O-])=O.[O-]C([O-])=O,"Carbonic acid disodium salt, compd. with hydrogen peroxide (H2O2) (2:3)","15630-89-4|Carbonic acid disodium salt, compd. with hydrogen peroxide (H2O2) (2:3)|239-707-6|BIOXY S|BIOXY S NEW|Carbonate de disodium, compose avec le peroxyde d'hydrogene(2:3)|carbonate de disodium, compose avec peroxyde d'hydrogene(2:3)|carbonato de disodio, composto con peroxido de hidrogeno(2:3)|Carbonic acid disodium salt, compd. with hydrogen peroxide|CARBONIC ACID DISODIUM SALT, COMPOUND, WITH HYDROGEN PEROXIDE|Carbonic acid sodium salt (1:2), compd. with hydrogen peroxide (H2O2) (2:3)|Carbonic acid, disodium salt, compd. with hydrogen peroxide (2:3)|Carbonic acid, disodium salt, compound with hydrogen peroxide|Dinatriumcarbonat, Verbindung mit Hydrogenperoxid(2:3)|Disodium carbonate compd. with hydrogen peroxide (2:3)|Disodium carbonate compd. with hydrogen peroxide (Na2CO3.1.5 H2O2)|Disodium carbonate sesquiperoxide|Disodium carbonate, compd. with hydrogen peroxide (2:3)|Disodium carbonate, compound with hydrogen peroxide (2:3)|Disodium carbonate, hydrogen peroxide (2:3)|EC No.: 239-707-6|EINECS 239-707-6|FB Sodium Percarbonate|NATRIUMPERCARBONAT|OxiClean|Oxyper S 131|Oxyper S 142|1161851-82-6|121525-84-6|1226792-00-2|205368-25-8|701915-52-8|701915-53-9|726171-65-9|81677-18-1|82728-90-3|861998-94-9|89140-31-8|90569-69-0",https://comptox.epa.gov/dashboard/chemical/details/DTXSID3029736,,1
876,skin_irritation_invivo_62,In Vivo,,,Polyethylene glycol,25322-68-3,DTXSID4027862,,,,Chemical,Human,,,,Four-hour Human Patch Test,Positive reaction,0,%,Basketter et al. 2004; 15291823; 10.1111/j.0105-1873.2004.00385.x,"[H]OCCO |lp:1:2,4:2,Sg:n:1,2,3::ht|",Polyethylene glycol,"25322-68-3|Polyethylene glycol|1,2-Ethanediol homopolymer|1,2-Ethanediol, homopolymer|3,6,9,12,15,18,21,24,27,30,33,36,39-Tridecaoxahentetracontane-1,41-diol|Alkox E 100|Alkox E 130|Alkox E 160|Alkox E 240|Alkox E 300|Alkox E 30G|Alkox LE|Alkox R 100|Alkox R 1000|Alkox R 150|Alkox R 400|Alkox SR|Alkox SW|alpha-Hydro-omega-hydroxypoly(oxy-1,2-ethanediyl)|alpha-Hydro-omega-hydroxypoly(oxyethylene)|Antarox E 4000|Aqua Calk TWB-P|Aquacide III|Aquaffin|Badimol|Bradsyn PEG|Breox PEG 300|CARBOWACHS|Carbowax|Carbowax 100|Carbowax 1000|Carbowax 1350|Carbowax 14000|Carbowax 1450|Carbowax 1500|Carbowax 1540|Carbowax 20|Carbowax 200|Carbowax 20000|Carbowax 25000|Carbowax 300|Carbowax 3350|Carbowax 400|Carbowax 4000|Carbowax 4500|Carbowax 4600|Carbowax 600|Carbowax 6000|Carbowax 8000|Carbowax E 300|Carbowax E 9000|Carbowax PEG 1450|Carbowax PEG 300|Carbowax Sentry 300|Carbowax Sentry NF|Carbowax Sentry PEG 8000|Cartaretin E|Cerasol 250A|Chemiox E 20(C)|Colyte|Deactivator H|Decuflux RM 33|Desmophen L 1208|EINECS 266-688-1|Emkapol 150|Emkapol 200|Emkapol|1011711-38-8|101677-86-5|1033001-32-9|1035554-64-3|106186-24-7|107502-63-6|107529-96-4|109550-27-8|112384-37-9|112895-21-3|113041-64-8|114323-93-2|1152430-37-9|116549-90-7|1186292-40-9|1186292-41-0|119219-06-6|1204298-97-4|1221382-78-0|1221382-83-7|1221889-65-1|1246265-64-4|125223-68-9|1256377-90-8|1267533-36-7|12676-74-3|12770-93-3|1287768-38-0|1293291-01-6|1319730-68-1|1330618-78-4|133573-31-6|1338951-32-8|134919-43-0|1370345-22-4|1373256-89-3|1377964-82-3|1422717-42-7|1429745-88-9|1434253-80-1|1435263-27-6|1446681-77-1|1474108-09-2|150872-82-5|154394-38-4|156948-19-5|1613520-06-1|1620693-21-1|1628723-15-8|1636129-20-8|169046-53-1|1696472-65-7|1710469-72-9|174460-08-3|174460-09-4|1800416-42-5|1809027-71-1|1852508-98-5|1873338-22-7|188364-77-4|188924-03-0|189154-62-9|191743-71-2|1927875-70-4|196696-84-1|201163-43-1|2015216-86-9|206357-86-0|2088235-52-1|2092889-80-8|2122851-44-7|2170314-63-1|221638-71-7|225502-44-3|25104-58-9|25609-81-8|270910-26-4|307928-07-0|34802-42-1|356055-70-4|37361-15-2|391229-98-4|402",https://comptox.epa.gov/dashboard/chemical/details/DTXSID4027862,https://doi.org/10.22427/NTP-DATA-DTXSID4027862,0
877,skin_irritation_invivo_50,In Vivo,,,Methyl hexadecanoate,112-39-0,DTXSID4029149,,,,Chemical,Human,,,,Four-hour Human Patch Test,Positive reaction,3.5,%,Basketter et al. 2004; 15291823; 10.1111/j.0105-1873.2004.00385.x,CCCCCCCCCCCCCCCC(=O)OC,Methyl hexadecanoate,"112-39-0|Methyl hexadecanoate|EINECS 203-966-3|FAME C16:0|Hexadecanoate methyl ester|Hexadecanoic acid methyl ester|Hexadecanoic acid, methyl ester|Hexadecanoic acid,methyl ester|Metholene 2216|Methyl n-hexadecanoate|methyl palmitate|Methyl palmitic acid|Methylpalmitat|n-Hexadecanoic acid methyl ester|NSC 4197|Palmitate de methyle|PALMITATE, METHYL|palmitato de metilo|Palmitic acid, methyl ester|PALMITINSAEURE-METHYLESTER|Pastell M 16|UNII-DPY8VCM98I|Uniphat A60",https://comptox.epa.gov/dashboard/chemical/details/DTXSID4029149,,1
1047,skin_irritation_invivo_49,In Vivo,,,Methyl dodecanoate,111-82-0,DTXSID5026889,,,,Chemical,Human,,,,Four-hour Human Patch Test,Positive reaction,0,%,Basketter et al. 2004; 15291823; 10.1111/j.0105-1873.2004.00385.x,CCCCCCCCCCCC(=O)OC,Methyl dodecanoate,"111-82-0|Methyl dodecanoate|4-02-00-01090|Agnique ME 1270U|Agnique ME 1290|BRN 1767780|Dodecanoic acid methyl ester|Dodecanoic acid, methyl ester|DODECANOIC ACID,METHYL ESTER|Edenor ME-C 1270|Edenor ME-C 1298-100|EINECS 203-911-3|FEMA No. 2715|FEMA number 2715|Laurate de methyle|LAURATE, METHYL|laurato de metilo|Lauric acid methyl ester|Lauric acid, methyl ester|Metholene 2296|Methyl dodecylate|Methyl laurate|Methyl laurinate|Methyl n-dodecanoate|Methyllaurat|NSC 5027|Pastel M 12|Pastell M 12|Stepan C 40|Texaprint SDM 100|UNII-8IPS6BI6KW|Uniphat A 40|Uniphat A40",https://comptox.epa.gov/dashboard/chemical/details/DTXSID5026889,,0
1049,skin_irritation_invivo_7,In Vivo,,,1-Dodecanol,112-53-8,DTXSID5026918,,,,Chemical,Human,,,,Four-hour Human Patch Test,Positive reaction,0,%,Basketter et al. 2004; 15291823; 10.1111/j.0105-1873.2004.00385.x,CCCCCCCCCCCCO,1-Dodecanol,"112-53-8|1-Dodecanol|1-Dodecyl alcohol|1-Hydroxydodecane|203-982-0|4-01-00-01844|Alcohol C-12|Alfol 12|BRN 1738860|C12 alcohol|Cachalot L-50|Cachalot L-90|Co-1214S1-dodecanol|Dodecan-1-ol|dodecane-1-ol|Dodecanol-1|Dodecyl alcohol|Dodecylalcohol|Duodecyl alcohol|Dytol j-68|EC No.: 203-982-0|EINECS 203-982-0|Epal 12|Exxal 12|Fatty alcohol|Fatty alcohol(C12)|FEMA No. 2617|Hainol 12SS|Hydroxydodecane|Kalcohl 2098|Kalcol 2098|Karukoru 20|Lauric alcohol|Laurinic alcohol|Lauroyl alcohol|Lauryl 24|Lauryl alcohol|Lipocol L|Lorol|Lorol 11|Lorol 5|Lorol 7|Lorol C 12/98|Lorol C12|Lorol C12-C14|Lorol C8-C10 special|Lorol special|n-Dodecan-1-ol|n-Dodecyl alcohol|n-Lauryl alcohol|n-Lauryl alcohol, primary|Nacol 12-96|NSC 3724|P.C. Code 001509|PC Code 001509|Philcohol 1200|Pisol|Sipol L12|Siponol 25|Siponol L 2|Siponol L 5|Siponol L5|Undecyl carbinol|UNII-178A96NLP2|1173838-88-4|1322-35-6|68855-55-0|8014-32-2|8032-08-4|8032-09-5|8032-10-8",https://comptox.epa.gov/dashboard/chemical/details/DTXSID5026918,,0
1166,skin_irritation_invivo_60,In Vivo,,,1-Pentanol,71-41-0,DTXSID6021741,,,,Chemical,Human,,,,Four-hour Human Patch Test,Positive reaction,0,%,Basketter et al. 2004; 15291823; 10.1111/j.0105-1873.2004.00385.x,CCCCCO,1-Pentanol,"71-41-0|1-Pentanol|1-pentol|1-Pentyl alcohol|4-01-00-01640|alcool amylique|Alcool amylique (french)|Alcool amylique [french]|AMYL ALCOHOL|Amyl alcohol (natural)|Amyl alcohol normal|amyl alcohol, normal|Amylalkohol|Amylol|BRN 1730975|Butyl carbinol|butylcarbinol|C5 alcohol|EINECS 200-752-1|FEMA No. 2056|FEMA Number 2056|N-AMYL ALCOHOL|n-Amylalkohol|N-Amylalkohol (czech)|N-Amylalkohol [czech]|n-Butyl carbinol|n-butylcarbinol|n-C5H11OH|n-Pentan-1-ol|n-Pentanol|n-Pentyl alcohol|N-Pentyl-alcohol|NSC 5707|Pentan-1-ol|pentane-1-ol|PENTANOL|Pentanol (van)|pentanol-1|Pentanols [UN1105] [Flammable liquid]|Pentasol|PENTYL ALCOHOL|Pentyl-alcohol|Pentylalkohol|Petan-1-ol|Primary amyl alcohol|Primary-N-amyl alcohol|UN 1105 (DOT)|UNII-M9L931X26Y",https://comptox.epa.gov/dashboard/chemical/details/DTXSID6021741,https://doi.org/10.22427/NTP-DATA-DTXSID6021741,0
1345,skin_irritation_invivo_56,In Vivo,,,1-Octanol,111-87-5,DTXSID7021940,,,,Chemical,Human,,,,Four-hour Human Patch Test,Positive reaction,17.90,%,Basketter et al. 2004; 15291823; 10.1111/j.0105-1873.2004.00385.x,CCCCCCCCO,1-Octanol,"111-87-5|1-Octanol|1-Hydroxyoctane|1-Oktanol|ALCOHOL C-8|Alfol 8|capryl alcohol|Caprylic alcohol|Caswell No. 611A|Dytol m-83|EINECS 203-917-6|Emery 3322|Emery 3324|EPA Pesticide Chemical Code 079037|Epal 8|Fatty alcohol(C8)|FEMA No. 2800|FEMA Number 2800|Heptyl carbinol|Hexyl methyl carbinol|Kalcohl 0898|Kalcol 0898|Lorol 20|Lorol C 8-98|Lorol C8|n-Caprylic alcohol|n-heptyl carbinol|n-Octan-1-ol|n-Octanol|n-Octyl alcohol|N-Octyl-alcohol|NSC 9823|octan-1-ol|octane-1-ol|Octanol|Octilin|OCTYL ALCOHOL|Octyl alcohol normal-primary|Octyl alcohol, normal-primary|Octyl alcohol, primary|Octyl-alcohol|Prim-N-octyl alcohol|primary octyl alcohol|Sipol L8|UNII-NV1779205D|220713-26-8",https://comptox.epa.gov/dashboard/chemical/details/DTXSID7021940,,1
1349,skin_irritation_invivo_53,In Vivo,,,1-Decanol,112-30-1,DTXSID7021946,,,,Chemical,Human,,,,Four-hour Human Patch Test,Positive reaction,13.2,%,Basketter et al. 2004; 15291823; 10.1111/j.0105-1873.2004.00385.x,CCCCCCCCCCO,1-Decanol,"112-30-1|1-Decanol|1-Decanol (ACD/Name 4.0)|1-Hydroxydecane|4-01-00-01815|Agent 504|Alcohol C-10|ALCOHOL C-10 (1-DECANOL)|Alcohol C10|Alfol 10|Antak|BRN 1735221|C 10 alcohol|C10 alcohol|Capric alcohol|Caprinic alcohol|Caswell No. 275A|decan-1-ol|decane-1-ol|Decanol|Decanol (van)|Decanol-(1)|DECYL ALCOHOL|Decyl N- alcohol|DECYL, N- ALCOHOL|Decylic alcohol|EINECS 203-956-9|EPA Pesticide Chemical Code 079038|Epal 10|Fatty alcohol(C10)|FEMA No. 2365|FEMA Number 2365|Kalcohl 1098|Kalcohl 10H|Kalcol 1098|Lorol C10|n-decan-1-ol|n-Decanol|n-Decatyl alcohol|n-Decyl alcohol|n-Nonylcarbinol|Nacol 10-99|Nonyl acarbinol|Nonylcarbinol|NSC 406313|Panorama|Paranol|Primary decyl alcohol|Royaltac|Royaltac M-2|Royaltac-85|T-148|UNII-89V4LX791F",https://comptox.epa.gov/dashboard/chemical/details/DTXSID7021946,,1
1526,skin_irritation_invivo_52,In Vivo,,,1-Naphthaleneacetic acid,86-87-3,DTXSID8020915,,,,Chemical,Human,,,,Four-hour Human Patch Test,Positive reaction,0,%,Jirova et al. 2010; 20136894; 10.1111/j.1600-0536.2009.01640.x,OC(=O)CC1=C2C=CC=CC2=CC=C1,1-Naphthaleneacetic acid,86-87-3|1-Naphthaleneacetic acid|1-Naphthaleneacetic acid|1-NAPHTHALINESSIGSAEURE|1-Naphthtaleneacetic acid|1-Naphthylessigsaeure|1-Naphthylessigsaure|2-(1-Naphthyl)acetic acid|2-(alpha-Naphthyl)ethanoic aid|2-(Naphthalen-1-yl)acetic acid|2-(a-Naphthyl)ethanoic acid|acide 1-naphtylacetique|Acide naphthylacetique|Acide naphtyl-1-acetique|Acide naphtylacetique|acido 1-naftilacetico|Agronaa|alpha-NAA|alpha-naphthaleneacetic acid|alpha-Naphthylacetic acid|alpha-Naphthyleneacetic acid|alpha-Naphthylessigsaeure|Alphaspra|Appl-set|Caswell No. 589|Celmone|EINECS 201-705-8|EPA Pesticide Chemical Code 056002|Floramon|Fruit Fix|Fruitofix|Fruitone N|Hormofix|Klingtite|Kyselina 1-naftyloctova|Liqui-stik|NAA|Nafusaku|Naphthalen-1-ylacetic acid|naphthalene-1-acetic acid|Naphthaleneacetic acid|Naphthyl-1-essigsaeure|NAPHTHYLACETIC ACID|Naphyl-1-essigsaeure|Niagara-stik|NSC 15772|NU-Tone|Phyomone|Pimacol-sol|Planofix|Planofixe|Plucker|Pomoxon|Primacol|Regenasol|Rhizopon B|Rhodofix|Stafast|Stimolante 66f|Stop-Drop|Tip-Off|Transplantone|Tre-hold|UNII-33T7G775|267410-73-1|61913-11-9|69072-67-9,https://comptox.epa.gov/dashboard/chemical/details/DTXSID8020915,,0
1529,skin_irritation_invivo_19,In Vivo,,,1-Hexanol,111-27-3,DTXSID8021931,,,,Chemical,Human,,,,Four-hour Human Patch Test,Positive reaction,16.90,%,Robinson et al. 2001; 11422260; 10.1034/j.1600-0536.2001.045001001.x,CCCCCCO,1-Hexanol,"111-27-3|1-Hexanol|1-Hexyl alcohol|1-Hydroxyhexane|4-01-00-01694|ALCOHOL C-6|Alcohol(C6)|Amyl carbinol|Amylcarbinol|BHL|BRN 0969167|C6 alcohol|Caproic alcohol|Caproyl alcohol|Caswell No. 482E|EINECS 203-852-3|EPA Pesticide Chemical Code 079047|Epal 6|Exxal 6|Fatty alcohol(C6)|FEMA No. 2567|FEMA Number 2567|HEX|Hexahydrophenol|Hexalin|Hexan-1-ol|hexane-1-ol|hexanol|Hexanol (van)|Hexanol-(1)|Hexanol-CMPD|hexyl alcohol|Hexyl alcohol (natural)|Hexyl alcohol, active|n-Hexan-1-ol|n-Hexanol|N-Hexenol|N-HEXYL ALCOHOL|NSC 9254|Pentylcarbinol|UN 2282|UNII-6CP2QER8GS|220713-27-9",https://comptox.epa.gov/dashboard/chemical/details/DTXSID8021931,,1
1647,skin_irritation_invivo_69,In Vivo,,,1-tert-Butoxy-2-propanol,57018-52-7,DTXSID8025967,,,,Chemical,Human,,,,Four-hour Human Patch Test,Positive reaction,0,%,Basketter et al. 2004; 15291823; 10.1111/j.0105-1873.2004.00385.x,CC(O)COC(C)(C)C,1-tert-Butoxy-2-propanol,"57018-52-7|1-tert-Butoxy-2-propanol|1-(1,1-Dimethylethoxy)-2-propanol|1-(1,1-Dimethylethoxy)propan-2-ol|1-Methyl-2-tert-butoxyethanol|1-tert-Butoxypropan-2-ol|1-tert-Butoxypropane-2-ol|2-Propanol, 1-(1,1-dimethylethoxy)-|Arcasolv PTB|Arcosolv PTB|BRN 1734501|PROPAN-2-OL, 1-(1,1-DIMETHYLETHOXY)-|Propylene glycol 1-(tert-butyl ether)|Propylene glycol mono-t-buthyl ether|Propylene glycol mono-t-butyl ether|Propylene glycol mono-tert-butyl ether|Propylene glycol t-butyl ether|UNII-03077MV85B|136579-67-4",https://comptox.epa.gov/dashboard/chemical/details/DTXSID8025967,https://doi.org/10.22427/NTP-DATA-DTXSID8025967,0
1649,skin_irritation_invivo_11,In Vivo,,,"(2E)-3,7-Dimethyl-2,6-octadien-1-ol",106-24-1,DTXSID8026727,,,,Chemical,Human,,,,Four-hour Human Patch Test,Positive reaction,17.90,%,Basketter et al. 2004; 15291823; 10.1111/j.0105-1873.2004.00385.x,CC(C)=CCCC(C)=CCO,Geraniol,"106-24-1|Geraniol|(2E)-3,7-Dimethyl-2,6-octadien-1-ol|(2E)-3,7-dimethylocta-2,6-dien-1-ol|(E)-3,7-Dimethyl-2,6-octadien-1-ol|(E)-3,7-Dimethyl-2,6-octadienol|(E)-Geraniol|(E)-Nerol|2-trans-3,7-Dimethyl-2,6-octadien-1-ol|2-trans-3,7-Dimethyl-2,6-octadiene-1-ol|2,6-Octadien-1-ol, 3,7-dimethyl-,|2,6-Octadien-1-ol, 3,7-dimethyl-, (2E)-|2,6-Octadien-1-ol, 3,7-dimethyl-, (E)-|2,6-Octadien-1-ol, 3,7-dimethyl-, trans-|2,6-Octadien-1-ol, 3,7-dimetil-, (2E) -|2E-Geraniol|3,7-Dimethyl-(2E)-2,6-Octadien-1-ol|3,7-Dimethyl-(E)-2,6-Octadien-1-ol|3,7-DIMETHYL-2,6-OCTADIEN-1-OL|3,7-Dimethyl-2,6-octadien-1-ol, (E)-|3,7-Dimethyl-trans-2,6-octadien-1-ol|4-01-00-02277|b-Geraniol|beta-Geraniol|BRN 1722456|EINECS 203-377-1|EPA Pesticide Chemical Code 597501|FEMA 2507|FEMA No. 2507|Geraniol|Geraniol 60|Geraniol 980|Geraniol alcohol|Geraniol BJ|Geraniol Extra|Geranyl alcohol|Lemonol|MosquitoSafe|NSC 9279|t-geraniol|trans-1-Hydroxy-3,7-dimethyl-2,6-octadiene|trans-2,6-Dimethyl-2,6-octadien-8-ol|trans-3,7-Dimethyl-2,6-octadien-1-ol|Trans-3,7-dimethyl-2,6|491611-08-6|8007-13-4",https://comptox.epa.gov/dashboard/chemical/details/DTXSID8026727,,1
1757,skin_irritation_invivo_30,In Vivo,,,"Hexane, 3,3-bis(methoxymethyl)-2,5-dimethyl-",129228-21-3,DTXSID80456581,,,,Chemical,Human,,,,Four-hour Human Patch Test,Positive reaction,20.7,%,Jirova et al. 2010; 20136894; 10.1111/j.1600-0536.2009.01640.x,COCC(COC)(CC(C)C)C(C)C,"Hexane, 3,3-bis(methoxymethyl)-2,5-dimethyl-","129228-21-3|Hexane, 3,3-bis(methoxymethyl)-2,5-dimethyl-",https://comptox.epa.gov/dashboard/chemical/details/DTXSID80456581,,1
1764,skin_irritation_invivo_72,In Vivo,,,1-Spiro[4.5]dec-7-en-7-yl-4-penten-1-one,224031-70-3,DTXSID80870263,,,,Chemical,Human,,,,Four-hour Human Patch Test,Positive reaction,0,%,Jirova et al. 2010; 20136894; 10.1111/j.1600-0536.2009.01640.x,C=CCCC(=O)C1=CCCC2(CCCC2)C1,1-Spiro[4.5]dec-7-en-7-yl-4-penten-1-one,"224031-70-3|1-Spiro[4.5]dec-7-en-7-yl-4-penten-1-one|4-Penten-1-one, 1-spiro[4.5]dec-7-en-7-yl-",https://comptox.epa.gov/dashboard/chemical/details/DTXSID80870263,,0
1858,skin_irritation_invivo_76,In Vivo,,,1-Tetradecanol,112-72-1,DTXSID9026926,,,,Chemical,Human,,,,Four-hour Human Patch Test,Positive reaction,0,%,Basketter et al. 2004; 15291823; 10.1111/j.0105-1873.2004.00385.x,CCCCCCCCCCCCCCO,1-Tetradecanol,112-72-1|1-Tetradecanol|1-Hydroxytetradecane|1-Tetradecyl alcohol|204-000-3|4-01-00-01864|Adol 18|Alcohol(C14)|Alfol 14|BRN 1742652|C14 alcohol|Conol 1495|EC No.: 204-000-3|EINECS 204-000-3|Fatty alcohol(C14)|Hainol 14SS|Hinol 14SS|Kalcohl 40|Kalcohl 4098|Kalcol 4098|Kolliwax MA|Lanette 14|Lanette K|Lanette Wax KS|Lorol C 14|Loxanol V|Myristic alcohol|Myristyl alcohol|n-Tetradecan-1-ol|n-Tetradecanol|n-Tetradecanol-1|n-Tetradecyl alcohol|Nacol 14-95|Nacol 14-98|Nafol 14|NSC 8549|P.C. Code 001510|PC Code 001510|Speziol C 14 Pharma|TETRADECAN-1-OL|Tetradecyl alcohol|UNII-V42034O9PU|150138-88-8|8032-14-2,https://comptox.epa.gov/dashboard/chemical/details/DTXSID9026926,,0
1860,skin_irritation_invivo_8,In Vivo,,,"Ethylenediaminetetraacetic acid, disodium salt",139-33-3,DTXSID9027073,,,,Chemical,Human,,,,Four-hour Human Patch Test,Positive reaction,0,%,Basketter et al. 2004; 15291823; 10.1111/j.0105-1873.2004.00385.x,[Na+].[Na+].OC(=O)CN(CCN(CC(O)=O)CC([O-])=O)CC([O-])=O,"Ethylenediaminetetraacetic acid, disodium salt","139-33-3|Ethylenediaminetetraacetic acid, disodium salt|(Ethylenedinitrilo)-tetraacetic acid disodium salt|(ethylenedinitrilo)tetraacetic acid disodium salt|Acetic acid, (ethylenedinitrilo)tetra-, disodium salt|AETHYLENDIAMIN-TETRAESSIGSAEURE-DI-NA-SALZ|CBC 50152966|Cheladrate|Chelaplex|Chelaplex III|Chelaton III|Chelest 200|Chelest 2BS|Chelest B|Clewat N|Complexon III|dihidrogenoetilendiaminotetraacetato de disodio|dihydrogenoethylenediaminetetraacetate de disodium|Dinatrium ethylendiamintetraacetat|Dinatriumdihydrogenethylendiamintetraacetat|Diso-Tate|Disodium (ethylenedinitrilo)tetraacetate|Disodium (ethylenedinitrilo)tetraacetic acid|Disodium diacid ethylenediaminetetraacetate|disodium dihydrogen ethylenediaminetetraacetate|Disodium dihydrogen(ethylenedinitrilo)tetraacetate|Disodium edathamil|Disodium edetate|disodium edetate (anh.)|disodium edetate (anhydrous)|Disodium EDTA|disodium EDTA (anh.)|disodium EDTA (anhydrous)|Disodium edta, anhydrous|Disodium ethylenediamine tetraacetate|Disodium ethylenediamine-N,N,N',N'-tetraacetate|DISODIUM ETHYLENEDIAMINETETRAA|104244-09-9|1236140-51-4|1892-64-4|37341-71-2|42615-28-1|69772-70-9",https://comptox.epa.gov/dashboard/chemical/details/DTXSID9027073,,0
1862,skin_irritation_invivo_39,In Vivo,,,"Hexadecanoic acid, 1-methylethyl ester",142-91-6,DTXSID9027104,,,,Chemical,Human,,,,Four-hour Human Patch Test,Positive reaction,0,%,Basketter et al. 2004; 15291823; 10.1111/j.0105-1873.2004.00385.x,CCCCCCCCCCCCCCCC(=O)OC(C)C,"Hexadecanoic acid, 1-methylethyl ester","142-91-6|Hexadecanoic acid, 1-methylethyl ester|1-Methylethyl ester1-methylethyl hexandecanoate|1-Methylethyl hexadecanoate|2-Propyl hexadecanoate|4-02-00-01167|BRN 1786567|Crodamol IPP|Deltyl|Deltyl Prime|EINECS 205-571-1|Emcol IP|Emcol-ip|Emerest 2316|Estol 103|Exceparl IPP|Hexadecanoic acid 1-methylethyl ester|Hexadecanoic acid isopropyl ester|Hexadecanoic acid, 1-methyethyl ester|Hexadecanoic acid, isopropyl ester|Hexadecanoic acidisopropyl N-hexadecanoate|ISO-PROPYL PALMITATE|Isopal|Isopalm|Isopropyl ester of hexadecanoic acid|Isopropyl hexadecanoate|isopropyl n-hexadecanoate|isopropyl palmitate|Isopropyl palmitate (NF)|Isopropylpalmitat|Ja-fa ipp|Ja-fa ippkessco|Kessco IPP|Kessco isopropyl palmitate|Lexol IPP|Liponate ipp|Neoderm IPP|Nikkol IPP|NSC 69169|Palmitate d'isopropyle|PALMITATE, ISOPROPYL|palmitato de isopropilo|Palmitic acid esters|palmitic acid isopropyl ester|Palmitic acid, isopropyl ester|PALMITINSAEURE-ISOPROPYLESTER|Palmsurf IPP 98|Plymouth IPP|Propal|Sinnoester PIT|Starfol ipp|Stepan D 70|Stepan D-70|Stepan IPP|Tegester isopalm|Tegoso",https://comptox.epa.gov/dashboard/chemical/details/DTXSID9027104,,0
